  [1m[35m (4.9ms)[0m  [1m[35mCREATE TABLE "schema_migrations" ("version" varchar NOT NULL PRIMARY KEY) /*application='Dummy'*/[0m
  [1m[35m (0.2ms)[0m  [1m[35mCREATE TABLE "ar_internal_metadata" ("key" varchar NOT NULL PRIMARY KEY, "value" varchar, "created_at" datetime(6) NOT NULL, "updated_at" datetime(6) NOT NULL) /*application='Dummy'*/[0m
  [1m[36mActiveRecord::SchemaMigration Load (0.2ms)[0m  [1m[34mSELECT "schema_migrations"."version" FROM "schema_migrations" ORDER BY "schema_migrations"."version" ASC /*application='Dummy'*/[0m
  [1m[36mActiveRecord::SchemaMigration Load (0.1ms)[0m  [1m[34mSELECT "schema_migrations"."version" FROM "schema_migrations" ORDER BY "schema_migrations"."version" ASC /*application='Dummy'*/[0m
Started GET "/" for ::1 at 2026-07-22 13:23:05 +0300
  [1m[36mActiveRecord::SchemaMigration Load (0.2ms)[0m  [1m[34mSELECT "schema_migrations"."version" FROM "schema_migrations" ORDER BY "schema_migrations"."version" ASC /*application='Dummy'*/[0m
  
ActiveRecord::PendingMigrationError (

Migrations are pending. To resolve this issue, run:

        bin/rails db:migrate

You have 1 pending migration:

db/migrate/20260409000000_create_dummy_tables.rb


):
  
activerecord (8.1.3) lib/active_record/migration.rb:743:in 'ActiveRecord::Migration.check_pending_migrations'
activerecord (8.1.3) lib/active_record/migration.rb:660:in 'block (2 levels) in ActiveRecord::Migration::CheckPending#call'
activesupport (8.1.3) lib/active_support/file_update_checker.rb:88:in 'ActiveSupport::FileUpdateChecker#execute'
activerecord (8.1.3) lib/active_record/migration.rb:665:in 'block in ActiveRecord::Migration::CheckPending#call'
activerecord (8.1.3) lib/active_record/migration.rb:657:in 'Thread::Mutex#synchronize'
activerecord (8.1.3) lib/active_record/migration.rb:657:in 'ActiveRecord::Migration::CheckPending#call'
actionpack (8.1.3) lib/action_dispatch/middleware/callbacks.rb:31:in 'block in ActionDispatch::Callbacks#call'
activesupport (8.1.3) lib/active_support/callbacks.rb:101:in 'ActiveSupport::Callbacks#run_callbacks'
actionpack (8.1.3) lib/action_dispatch/middleware/callbacks.rb:30:in 'ActionDispatch::Callbacks#call'
actionpack (8.1.3) lib/action_dispatch/middleware/executor.rb:20:in 'ActionDispatch::Executor#call'
actionpack (8.1.3) lib/action_dispatch/middleware/actionable_exceptions.rb:18:in 'ActionDispatch::ActionableExceptions#call'
actionpack (8.1.3) lib/action_dispatch/middleware/debug_exceptions.rb:31:in 'ActionDispatch::DebugExceptions#call'
actionpack (8.1.3) lib/action_dispatch/middleware/show_exceptions.rb:32:in 'ActionDispatch::ShowExceptions#call'
railties (8.1.3) lib/rails/rack/logger.rb:41:in 'Rails::Rack::Logger#call_app'
railties (8.1.3) lib/rails/rack/logger.rb:29:in 'Rails::Rack::Logger#call'
propshaft (1.3.2) lib/propshaft/quiet_assets.rb:11:in 'Propshaft::QuietAssets#call'
actionpack (8.1.3) lib/action_dispatch/middleware/remote_ip.rb:98:in 'ActionDispatch::RemoteIp#call'
actionpack (8.1.3) lib/action_dispatch/middleware/request_id.rb:34:in 'ActionDispatch::RequestId#call'
rack (3.2.6) lib/rack/method_override.rb:28:in 'Rack::MethodOverride#call'
rack (3.2.6) lib/rack/runtime.rb:24:in 'Rack::Runtime#call'
activesupport (8.1.3) lib/active_support/cache/strategy/local_cache_middleware.rb:30:in 'ActiveSupport::Cache::Strategy::LocalCache::Middleware#call'
actionpack (8.1.3) lib/action_dispatch/middleware/server_timing.rb:61:in 'block in ActionDispatch::ServerTiming#call'
actionpack (8.1.3) lib/action_dispatch/middleware/server_timing.rb:26:in 'ActionDispatch::ServerTiming::Subscriber#collect_events'
actionpack (8.1.3) lib/action_dispatch/middleware/server_timing.rb:60:in 'ActionDispatch::ServerTiming#call'
actionpack (8.1.3) lib/action_dispatch/middleware/executor.rb:20:in 'ActionDispatch::Executor#call'
propshaft (1.3.2) lib/propshaft/server.rb:37:in 'Propshaft::Server#call'
actionpack (8.1.3) lib/action_dispatch/middleware/static.rb:27:in 'ActionDispatch::Static#call'
rack (3.2.6) lib/rack/sendfile.rb:131:in 'Rack::Sendfile#call'
actionpack (8.1.3) lib/action_dispatch/middleware/host_authorization.rb:143:in 'ActionDispatch::HostAuthorization#call'
railties (8.1.3) lib/rails/engine.rb:534:in 'Rails::Engine#call'
puma (8.0.2) lib/puma/configuration.rb:305:in 'Puma::Configuration::ConfigMiddleware#call'
puma (8.0.2) lib/puma/response.rb:79:in 'block in Puma::Response#handle_request'
puma (8.0.2) lib/puma/thread_pool.rb:434:in 'Puma::ThreadPool#with_force_shutdown'
puma (8.0.2) lib/puma/response.rb:78:in 'Puma::Response#handle_request'
puma (8.0.2) lib/puma/server.rb:508:in 'Puma::Server#process_client'
puma (8.0.2) lib/puma/server.rb:263:in 'block in Puma::Server#run'
puma (8.0.2) lib/puma/thread_pool.rb:246:in 'block in Puma::ThreadPool#spawn_thread'
Started GET "/favicon.ico" for ::1 at 2026-07-22 13:23:06 +0300
  [1m[36mActiveRecord::SchemaMigration Load (0.1ms)[0m  [1m[34mSELECT "schema_migrations"."version" FROM "schema_migrations" ORDER BY "schema_migrations"."version" ASC /*application='Dummy'*/[0m
  
ActiveRecord::PendingMigrationError (

Migrations are pending. To resolve this issue, run:

        bin/rails db:migrate

You have 1 pending migration:

db/migrate/20260409000000_create_dummy_tables.rb


):
  
activerecord (8.1.3) lib/active_record/migration.rb:743:in 'ActiveRecord::Migration.check_pending_migrations'
activerecord (8.1.3) lib/active_record/migration.rb:660:in 'block (2 levels) in ActiveRecord::Migration::CheckPending#call'
activesupport (8.1.3) lib/active_support/file_update_checker.rb:88:in 'ActiveSupport::FileUpdateChecker#execute'
activerecord (8.1.3) lib/active_record/migration.rb:665:in 'block in ActiveRecord::Migration::CheckPending#call'
activerecord (8.1.3) lib/active_record/migration.rb:657:in 'Thread::Mutex#synchronize'
activerecord (8.1.3) lib/active_record/migration.rb:657:in 'ActiveRecord::Migration::CheckPending#call'
actionpack (8.1.3) lib/action_dispatch/middleware/callbacks.rb:31:in 'block in ActionDispatch::Callbacks#call'
activesupport (8.1.3) lib/active_support/callbacks.rb:101:in 'ActiveSupport::Callbacks#run_callbacks'
actionpack (8.1.3) lib/action_dispatch/middleware/callbacks.rb:30:in 'ActionDispatch::Callbacks#call'
actionpack (8.1.3) lib/action_dispatch/middleware/executor.rb:20:in 'ActionDispatch::Executor#call'
actionpack (8.1.3) lib/action_dispatch/middleware/actionable_exceptions.rb:18:in 'ActionDispatch::ActionableExceptions#call'
actionpack (8.1.3) lib/action_dispatch/middleware/debug_exceptions.rb:31:in 'ActionDispatch::DebugExceptions#call'
actionpack (8.1.3) lib/action_dispatch/middleware/show_exceptions.rb:32:in 'ActionDispatch::ShowExceptions#call'
railties (8.1.3) lib/rails/rack/logger.rb:41:in 'Rails::Rack::Logger#call_app'
railties (8.1.3) lib/rails/rack/logger.rb:29:in 'Rails::Rack::Logger#call'
propshaft (1.3.2) lib/propshaft/quiet_assets.rb:11:in 'Propshaft::QuietAssets#call'
actionpack (8.1.3) lib/action_dispatch/middleware/remote_ip.rb:98:in 'ActionDispatch::RemoteIp#call'
actionpack (8.1.3) lib/action_dispatch/middleware/request_id.rb:34:in 'ActionDispatch::RequestId#call'
rack (3.2.6) lib/rack/method_override.rb:28:in 'Rack::MethodOverride#call'
rack (3.2.6) lib/rack/runtime.rb:24:in 'Rack::Runtime#call'
activesupport (8.1.3) lib/active_support/cache/strategy/local_cache_middleware.rb:30:in 'ActiveSupport::Cache::Strategy::LocalCache::Middleware#call'
actionpack (8.1.3) lib/action_dispatch/middleware/server_timing.rb:61:in 'block in ActionDispatch::ServerTiming#call'
actionpack (8.1.3) lib/action_dispatch/middleware/server_timing.rb:26:in 'ActionDispatch::ServerTiming::Subscriber#collect_events'
actionpack (8.1.3) lib/action_dispatch/middleware/server_timing.rb:60:in 'ActionDispatch::ServerTiming#call'
actionpack (8.1.3) lib/action_dispatch/middleware/executor.rb:20:in 'ActionDispatch::Executor#call'
propshaft (1.3.2) lib/propshaft/server.rb:37:in 'Propshaft::Server#call'
actionpack (8.1.3) lib/action_dispatch/middleware/static.rb:27:in 'ActionDispatch::Static#call'
rack (3.2.6) lib/rack/sendfile.rb:131:in 'Rack::Sendfile#call'
actionpack (8.1.3) lib/action_dispatch/middleware/host_authorization.rb:143:in 'ActionDispatch::HostAuthorization#call'
railties (8.1.3) lib/rails/engine.rb:534:in 'Rails::Engine#call'
puma (8.0.2) lib/puma/configuration.rb:305:in 'Puma::Configuration::ConfigMiddleware#call'
puma (8.0.2) lib/puma/response.rb:79:in 'block in Puma::Response#handle_request'
puma (8.0.2) lib/puma/thread_pool.rb:434:in 'Puma::ThreadPool#with_force_shutdown'
puma (8.0.2) lib/puma/response.rb:78:in 'Puma::Response#handle_request'
puma (8.0.2) lib/puma/server.rb:508:in 'Puma::Server#process_client'
puma (8.0.2) lib/puma/server.rb:263:in 'block in Puma::Server#run'
puma (8.0.2) lib/puma/thread_pool.rb:246:in 'block in Puma::ThreadPool#spawn_thread'
Started POST "/rails/actions" for ::1 at 2026-07-22 13:23:10 +0300
  [1m[36mActiveRecord::InternalMetadata Load (0.4ms)[0m  [1m[34mSELECT * FROM "ar_internal_metadata" WHERE "ar_internal_metadata"."key" = 'environment' ORDER BY "ar_internal_metadata"."key" ASC LIMIT 1 /*application='Dummy'*/[0m
  [1m[36mActiveRecord::InternalMetadata Create (15.1ms)[0m  [1m[32mINSERT INTO "ar_internal_metadata" ("key", "value", "created_at", "updated_at") VALUES ('environment', 'development', '2026-07-22 10:23:10.078195', '2026-07-22 10:23:10.078198') RETURNING "key" /*application='Dummy'*/[0m
  [1m[36mActiveRecord::SchemaMigration Load (0.1ms)[0m  [1m[34mSELECT "schema_migrations"."version" FROM "schema_migrations" ORDER BY "schema_migrations"."version" ASC /*application='Dummy'*/[0m
Migrating to CreateDummyTables (20260409000000)
  [1m[36mTRANSACTION (0.1ms)[0m  [1m[35mBEGIN immediate TRANSACTION /*application='Dummy'*/[0m
  [1m[35m (1.4ms)[0m  [1m[35mCREATE TABLE "orders" ("id" integer PRIMARY KEY AUTOINCREMENT NOT NULL, "total_amount" decimal(15,4) DEFAULT 0.0 NOT NULL, "shipping_cost" decimal(15,4) DEFAULT 0.0 NOT NULL, "item_count" integer DEFAULT 0 NOT NULL, "created_at" datetime(6) NOT NULL, "updated_at" datetime(6) NOT NULL) /*application='Dummy'*/[0m
  [1m[35m (0.1ms)[0m  [1m[35mCREATE TABLE "users" ("id" integer PRIMARY KEY AUTOINCREMENT NOT NULL, "name" varchar NOT NULL, "promotion_group" varchar, "created_at" datetime(6) NOT NULL, "updated_at" datetime(6) NOT NULL) /*application='Dummy'*/[0m
  [1m[36mActiveRecord::SchemaMigration Create (0.1ms)[0m  [1m[32mINSERT INTO "schema_migrations" ("version") VALUES ('20260409000000') RETURNING "version" /*application='Dummy'*/[0m
  [1m[36mTRANSACTION (0.1ms)[0m  [1m[35mCOMMIT TRANSACTION /*application='Dummy'*/[0m
  [1m[36mActiveRecord::SchemaMigration Load (0.0ms)[0m  [1m[34mSELECT "schema_migrations"."version" FROM "schema_migrations" ORDER BY "schema_migrations"."version" ASC /*application='Dummy'*/[0m
Started GET "/" for ::1 at 2026-07-22 13:23:10 +0300
  
Zeitwerk::NameError (expected file /home/mego/Workspace/Backend/promotable/test/dummy/app/avo/resources/promotable/user.rb to define constant Avo::Resources::Promotable::User, but didn't):
  
zeitwerk (2.8.2) lib/zeitwerk/loader/callbacks.rb:31:in 'Zeitwerk::Loader::Callbacks#on_file_autoloaded'
zeitwerk (2.8.2) lib/zeitwerk/core_ext/kernel.rb:27:in 'Kernel#require'
zeitwerk (2.8.2) lib/zeitwerk/cref.rb:62:in 'Module#const_get'
zeitwerk (2.8.2) lib/zeitwerk/cref.rb:62:in 'Zeitwerk::Cref#get'
zeitwerk (2.8.2) lib/zeitwerk/loader/eager_load.rb:175:in 'block in Zeitwerk::Loader::EagerLoad#actual_eager_load_dir'
zeitwerk (2.8.2) lib/zeitwerk/loader/file_system.rb:51:in 'block in Zeitwerk::Loader::FileSystem#ls'
zeitwerk (2.8.2) lib/zeitwerk/loader/file_system.rb:40:in 'Array#each'
zeitwerk (2.8.2) lib/zeitwerk/loader/file_system.rb:40:in 'Zeitwerk::Loader::FileSystem#ls'
zeitwerk (2.8.2) lib/zeitwerk/loader/eager_load.rb:170:in 'Zeitwerk::Loader::EagerLoad#actual_eager_load_dir'
zeitwerk (2.8.2) lib/zeitwerk/loader/eager_load.rb:223:in 'block in Zeitwerk::Loader::EagerLoad#eager_load_child_namespace'
zeitwerk (2.8.2) lib/zeitwerk/loader/eager_load.rb:222:in 'Array#each'
zeitwerk (2.8.2) lib/zeitwerk/loader/eager_load.rb:222:in 'Zeitwerk::Loader::EagerLoad#eager_load_child_namespace'
zeitwerk (2.8.2) lib/zeitwerk/loader/eager_load.rb:100:in 'block in Zeitwerk::Loader::EagerLoad#eager_load_namespace'
zeitwerk (2.8.2) lib/zeitwerk/loader/eager_load.rb:86:in 'Hash#each'
zeitwerk (2.8.2) lib/zeitwerk/loader/eager_load.rb:86:in 'Zeitwerk::Loader::EagerLoad#eager_load_namespace'
avo (4.0.15) lib/avo/resources/resource_manager.rb:53:in 'Avo::Resources::ResourceManager.load_resources_namespace'
avo (4.0.15) lib/avo/resources/resource_manager.rb:45:in 'Avo::Resources::ResourceManager.fetch_resources'
avo (4.0.15) config/routes/dynamic_routes.rb:1:in 'ActionDispatch::Routing::Mapper::Resources#draw'
actionpack (8.1.3) lib/action_dispatch/routing/mapper.rb:1829:in 'BasicObject#instance_eval'
actionpack (8.1.3) lib/action_dispatch/routing/mapper.rb:1829:in 'ActionDispatch::Routing::Mapper::Resources#draw'
avo (4.0.15) config/routes.rb:28:in 'block (2 levels) in <top (required)>'
actionpack (8.1.3) lib/action_dispatch/routing/mapper.rb:1039:in 'ActionDispatch::Routing::Mapper::Scoping#scope'
avo (4.0.15) config/routes.rb:26:in 'block in <top (required)>'
actionpack (8.1.3) lib/action_dispatch/routing/mapper.rb:657:in 'BasicObject#instance_exec'
actionpack (8.1.3) lib/action_dispatch/routing/mapper.rb:657:in 'block in ActionDispatch::Routing::Mapper::Base#with_default_scope'
actionpack (8.1.3) lib/action_dispatch/routing/mapper.rb:1039:in 'ActionDispatch::Routing::Mapper::Scoping#scope'
actionpack (8.1.3) lib/action_dispatch/routing/mapper.rb:656:in 'ActionDispatch::Routing::Mapper::Base#with_default_scope'
actionpack (8.1.3) lib/action_dispatch/routing/route_set.rb:475:in 'ActionDispatch::Routing::RouteSet#eval_block'
actionpack (8.1.3) lib/action_dispatch/routing/route_set.rb:459:in 'ActionDispatch::Routing::RouteSet#draw'
railties (8.1.3) lib/rails/engine/lazy_route_set.rb:70:in 'Rails::Engine::LazyRouteSet#draw'
avo (4.0.15) config/routes.rb:1:in '<top (required)>'
railties (8.1.3) lib/rails/application/routes_reloader.rb:63:in 'Kernel#load'
railties (8.1.3) lib/rails/application/routes_reloader.rb:63:in 'block in Rails::Application::RoutesReloader#load_paths'
railties (8.1.3) lib/rails/application/routes_reloader.rb:63:in 'Array#each'
railties (8.1.3) lib/rails/application/routes_reloader.rb:63:in 'Rails::Application::RoutesReloader#load_paths'
railties (8.1.3) lib/rails/application/routes_reloader.rb:24:in 'Rails::Application::RoutesReloader#reload!'
railties (8.1.3) lib/rails/application/routes_reloader.rb:51:in 'block in Rails::Application::RoutesReloader#updater'
activesupport (8.1.3) lib/active_support/file_update_checker.rb:88:in 'ActiveSupport::FileUpdateChecker#execute'
railties (8.1.3) lib/rails/application/routes_reloader.rb:33:in 'Rails::Application::RoutesReloader#execute'
railties (8.1.3) lib/rails/application/finisher.rb:175:in 'block (2 levels) in <module:Finisher>'
activesupport (8.1.3) lib/active_support/callbacks.rb:407:in 'BasicObject#instance_exec'
activesupport (8.1.3) lib/active_support/callbacks.rb:407:in 'block in ActiveSupport::Callbacks::CallTemplate::InstanceExec0#make_lambda'
activesupport (8.1.3) lib/active_support/callbacks.rb:179:in 'block in ActiveSupport::Callbacks::Filters::Before#call'
activesupport (8.1.3) lib/active_support/callbacks.rb:669:in 'block in ActiveSupport::Callbacks::CallbackChain::DefaultTerminator#call'
activesupport (8.1.3) lib/active_support/callbacks.rb:668:in 'Kernel#catch'
activesupport (8.1.3) lib/active_support/callbacks.rb:668:in 'ActiveSupport::Callbacks::CallbackChain::DefaultTerminator#call'
activesupport (8.1.3) lib/active_support/callbacks.rb:180:in 'ActiveSupport::Callbacks::Filters::Before#call'
activesupport (8.1.3) lib/active_support/callbacks.rb:560:in 'block in ActiveSupport::Callbacks::CallbackSequence#invoke_before'
activesupport (8.1.3) lib/active_support/callbacks.rb:560:in 'Array#each'
activesupport (8.1.3) lib/active_support/callbacks.rb:560:in 'ActiveSupport::Callbacks::CallbackSequence#invoke_before'
activesupport (8.1.3) lib/active_support/callbacks.rb:109:in 'ActiveSupport::Callbacks#run_callbacks'
activesupport (8.1.3) lib/active_support/execution_wrapper.rb:128:in 'ActiveSupport::ExecutionWrapper#run'
activesupport (8.1.3) lib/active_support/execution_wrapper.rb:124:in 'ActiveSupport::ExecutionWrapper#run!'
activesupport (8.1.3) lib/active_support/reloader.rb:122:in 'ActiveSupport::Reloader#run!'
activesupport (8.1.3) lib/active_support/execution_wrapper.rb:77:in 'block in ActiveSupport::ExecutionWrapper.run!'
activesupport (8.1.3) lib/active_support/execution_wrapper.rb:74:in 'Kernel#tap'
activesupport (8.1.3) lib/active_support/execution_wrapper.rb:74:in 'ActiveSupport::ExecutionWrapper.run!'
activesupport (8.1.3) lib/active_support/reloader.rb:64:in 'ActiveSupport::Reloader.run!'
actionpack (8.1.3) lib/action_dispatch/middleware/executor.rb:14:in 'ActionDispatch::Executor#call'
actionpack (8.1.3) lib/action_dispatch/middleware/actionable_exceptions.rb:18:in 'ActionDispatch::ActionableExceptions#call'
actionpack (8.1.3) lib/action_dispatch/middleware/debug_exceptions.rb:31:in 'ActionDispatch::DebugExceptions#call'
actionpack (8.1.3) lib/action_dispatch/middleware/show_exceptions.rb:32:in 'ActionDispatch::ShowExceptions#call'
railties (8.1.3) lib/rails/rack/logger.rb:41:in 'Rails::Rack::Logger#call_app'
railties (8.1.3) lib/rails/rack/logger.rb:29:in 'Rails::Rack::Logger#call'
propshaft (1.3.2) lib/propshaft/quiet_assets.rb:11:in 'Propshaft::QuietAssets#call'
actionpack (8.1.3) lib/action_dispatch/middleware/remote_ip.rb:98:in 'ActionDispatch::RemoteIp#call'
actionpack (8.1.3) lib/action_dispatch/middleware/request_id.rb:34:in 'ActionDispatch::RequestId#call'
rack (3.2.6) lib/rack/method_override.rb:28:in 'Rack::MethodOverride#call'
rack (3.2.6) lib/rack/runtime.rb:24:in 'Rack::Runtime#call'
activesupport (8.1.3) lib/active_support/cache/strategy/local_cache_middleware.rb:30:in 'ActiveSupport::Cache::Strategy::LocalCache::Middleware#call'
actionpack (8.1.3) lib/action_dispatch/middleware/server_timing.rb:61:in 'block in ActionDispatch::ServerTiming#call'
actionpack (8.1.3) lib/action_dispatch/middleware/server_timing.rb:26:in 'ActionDispatch::ServerTiming::Subscriber#collect_events'
actionpack (8.1.3) lib/action_dispatch/middleware/server_timing.rb:60:in 'ActionDispatch::ServerTiming#call'
actionpack (8.1.3) lib/action_dispatch/middleware/executor.rb:20:in 'ActionDispatch::Executor#call'
propshaft (1.3.2) lib/propshaft/server.rb:37:in 'Propshaft::Server#call'
actionpack (8.1.3) lib/action_dispatch/middleware/static.rb:27:in 'ActionDispatch::Static#call'
rack (3.2.6) lib/rack/sendfile.rb:131:in 'Rack::Sendfile#call'
actionpack (8.1.3) lib/action_dispatch/middleware/host_authorization.rb:143:in 'ActionDispatch::HostAuthorization#call'
railties (8.1.3) lib/rails/engine.rb:534:in 'Rails::Engine#call'
puma (8.0.2) lib/puma/configuration.rb:305:in 'Puma::Configuration::ConfigMiddleware#call'
puma (8.0.2) lib/puma/response.rb:79:in 'block in Puma::Response#handle_request'
puma (8.0.2) lib/puma/thread_pool.rb:434:in 'Puma::ThreadPool#with_force_shutdown'
puma (8.0.2) lib/puma/response.rb:78:in 'Puma::Response#handle_request'
puma (8.0.2) lib/puma/server.rb:508:in 'Puma::Server#process_client'
puma (8.0.2) lib/puma/server.rb:263:in 'block in Puma::Server#run'
puma (8.0.2) lib/puma/thread_pool.rb:246:in 'block in Puma::ThreadPool#spawn_thread'
Started GET "/favicon.ico" for ::1 at 2026-07-22 13:23:10 +0300
  [1m[36mActiveRecord::SchemaMigration Load (0.1ms)[0m  [1m[34mSELECT "schema_migrations"."version" FROM "schema_migrations" ORDER BY "schema_migrations"."version" ASC /*application='Dummy'*/[0m
  
ActionController::RoutingError (No route matches [GET] "/favicon.ico"):
  
Started GET "/" for ::1 at 2026-07-22 13:25:24 +0300
  
Zeitwerk::NameError (expected file /home/mego/Workspace/Backend/promotable/test/dummy/app/avo/resources/promotable/promotion.rb to define constant Avo::Resources::Promotable::Promotion, but didn't):
  
zeitwerk (2.8.2) lib/zeitwerk/loader/callbacks.rb:31:in 'Zeitwerk::Loader::Callbacks#on_file_autoloaded'
zeitwerk (2.8.2) lib/zeitwerk/core_ext/kernel.rb:27:in 'Kernel#require'
zeitwerk (2.8.2) lib/zeitwerk/cref.rb:62:in 'Module#const_get'
zeitwerk (2.8.2) lib/zeitwerk/cref.rb:62:in 'Zeitwerk::Cref#get'
zeitwerk (2.8.2) lib/zeitwerk/loader/eager_load.rb:175:in 'block in Zeitwerk::Loader::EagerLoad#actual_eager_load_dir'
zeitwerk (2.8.2) lib/zeitwerk/loader/file_system.rb:51:in 'block in Zeitwerk::Loader::FileSystem#ls'
zeitwerk (2.8.2) lib/zeitwerk/loader/file_system.rb:40:in 'Array#each'
zeitwerk (2.8.2) lib/zeitwerk/loader/file_system.rb:40:in 'Zeitwerk::Loader::FileSystem#ls'
zeitwerk (2.8.2) lib/zeitwerk/loader/eager_load.rb:170:in 'Zeitwerk::Loader::EagerLoad#actual_eager_load_dir'
zeitwerk (2.8.2) lib/zeitwerk/loader/eager_load.rb:223:in 'block in Zeitwerk::Loader::EagerLoad#eager_load_child_namespace'
zeitwerk (2.8.2) lib/zeitwerk/loader/eager_load.rb:222:in 'Array#each'
zeitwerk (2.8.2) lib/zeitwerk/loader/eager_load.rb:222:in 'Zeitwerk::Loader::EagerLoad#eager_load_child_namespace'
zeitwerk (2.8.2) lib/zeitwerk/loader/eager_load.rb:100:in 'block in Zeitwerk::Loader::EagerLoad#eager_load_namespace'
zeitwerk (2.8.2) lib/zeitwerk/loader/eager_load.rb:86:in 'Hash#each'
zeitwerk (2.8.2) lib/zeitwerk/loader/eager_load.rb:86:in 'Zeitwerk::Loader::EagerLoad#eager_load_namespace'
avo (4.0.15) lib/avo/resources/resource_manager.rb:53:in 'Avo::Resources::ResourceManager.load_resources_namespace'
avo (4.0.15) lib/avo/resources/resource_manager.rb:45:in 'Avo::Resources::ResourceManager.fetch_resources'
avo (4.0.15) config/routes/dynamic_routes.rb:1:in 'ActionDispatch::Routing::Mapper::Resources#draw'
actionpack (8.1.3) lib/action_dispatch/routing/mapper.rb:1829:in 'BasicObject#instance_eval'
actionpack (8.1.3) lib/action_dispatch/routing/mapper.rb:1829:in 'ActionDispatch::Routing::Mapper::Resources#draw'
avo (4.0.15) config/routes.rb:28:in 'block (2 levels) in <top (required)>'
actionpack (8.1.3) lib/action_dispatch/routing/mapper.rb:1039:in 'ActionDispatch::Routing::Mapper::Scoping#scope'
avo (4.0.15) config/routes.rb:26:in 'block in <top (required)>'
actionpack (8.1.3) lib/action_dispatch/routing/mapper.rb:657:in 'BasicObject#instance_exec'
actionpack (8.1.3) lib/action_dispatch/routing/mapper.rb:657:in 'block in ActionDispatch::Routing::Mapper::Base#with_default_scope'
actionpack (8.1.3) lib/action_dispatch/routing/mapper.rb:1039:in 'ActionDispatch::Routing::Mapper::Scoping#scope'
actionpack (8.1.3) lib/action_dispatch/routing/mapper.rb:656:in 'ActionDispatch::Routing::Mapper::Base#with_default_scope'
actionpack (8.1.3) lib/action_dispatch/routing/route_set.rb:475:in 'ActionDispatch::Routing::RouteSet#eval_block'
actionpack (8.1.3) lib/action_dispatch/routing/route_set.rb:459:in 'ActionDispatch::Routing::RouteSet#draw'
railties (8.1.3) lib/rails/engine/lazy_route_set.rb:70:in 'Rails::Engine::LazyRouteSet#draw'
avo (4.0.15) config/routes.rb:1:in '<top (required)>'
railties (8.1.3) lib/rails/application/routes_reloader.rb:63:in 'Kernel#load'
railties (8.1.3) lib/rails/application/routes_reloader.rb:63:in 'block in Rails::Application::RoutesReloader#load_paths'
railties (8.1.3) lib/rails/application/routes_reloader.rb:63:in 'Array#each'
railties (8.1.3) lib/rails/application/routes_reloader.rb:63:in 'Rails::Application::RoutesReloader#load_paths'
railties (8.1.3) lib/rails/application/routes_reloader.rb:24:in 'Rails::Application::RoutesReloader#reload!'
railties (8.1.3) lib/rails/application/routes_reloader.rb:51:in 'block in Rails::Application::RoutesReloader#updater'
activesupport (8.1.3) lib/active_support/file_update_checker.rb:88:in 'ActiveSupport::FileUpdateChecker#execute'
railties (8.1.3) lib/rails/application/routes_reloader.rb:33:in 'Rails::Application::RoutesReloader#execute'
railties (8.1.3) lib/rails/application/finisher.rb:175:in 'block (2 levels) in <module:Finisher>'
activesupport (8.1.3) lib/active_support/callbacks.rb:407:in 'BasicObject#instance_exec'
activesupport (8.1.3) lib/active_support/callbacks.rb:407:in 'block in ActiveSupport::Callbacks::CallTemplate::InstanceExec0#make_lambda'
activesupport (8.1.3) lib/active_support/callbacks.rb:179:in 'block in ActiveSupport::Callbacks::Filters::Before#call'
activesupport (8.1.3) lib/active_support/callbacks.rb:669:in 'block in ActiveSupport::Callbacks::CallbackChain::DefaultTerminator#call'
activesupport (8.1.3) lib/active_support/callbacks.rb:668:in 'Kernel#catch'
activesupport (8.1.3) lib/active_support/callbacks.rb:668:in 'ActiveSupport::Callbacks::CallbackChain::DefaultTerminator#call'
activesupport (8.1.3) lib/active_support/callbacks.rb:180:in 'ActiveSupport::Callbacks::Filters::Before#call'
activesupport (8.1.3) lib/active_support/callbacks.rb:560:in 'block in ActiveSupport::Callbacks::CallbackSequence#invoke_before'
activesupport (8.1.3) lib/active_support/callbacks.rb:560:in 'Array#each'
activesupport (8.1.3) lib/active_support/callbacks.rb:560:in 'ActiveSupport::Callbacks::CallbackSequence#invoke_before'
activesupport (8.1.3) lib/active_support/callbacks.rb:109:in 'ActiveSupport::Callbacks#run_callbacks'
activesupport (8.1.3) lib/active_support/execution_wrapper.rb:128:in 'ActiveSupport::ExecutionWrapper#run'
activesupport (8.1.3) lib/active_support/execution_wrapper.rb:124:in 'ActiveSupport::ExecutionWrapper#run!'
activesupport (8.1.3) lib/active_support/reloader.rb:122:in 'ActiveSupport::Reloader#run!'
activesupport (8.1.3) lib/active_support/execution_wrapper.rb:77:in 'block in ActiveSupport::ExecutionWrapper.run!'
activesupport (8.1.3) lib/active_support/execution_wrapper.rb:74:in 'Kernel#tap'
activesupport (8.1.3) lib/active_support/execution_wrapper.rb:74:in 'ActiveSupport::ExecutionWrapper.run!'
activesupport (8.1.3) lib/active_support/reloader.rb:64:in 'ActiveSupport::Reloader.run!'
actionpack (8.1.3) lib/action_dispatch/middleware/executor.rb:14:in 'ActionDispatch::Executor#call'
actionpack (8.1.3) lib/action_dispatch/middleware/actionable_exceptions.rb:18:in 'ActionDispatch::ActionableExceptions#call'
actionpack (8.1.3) lib/action_dispatch/middleware/debug_exceptions.rb:31:in 'ActionDispatch::DebugExceptions#call'
actionpack (8.1.3) lib/action_dispatch/middleware/show_exceptions.rb:32:in 'ActionDispatch::ShowExceptions#call'
railties (8.1.3) lib/rails/rack/logger.rb:41:in 'Rails::Rack::Logger#call_app'
railties (8.1.3) lib/rails/rack/logger.rb:29:in 'Rails::Rack::Logger#call'
propshaft (1.3.2) lib/propshaft/quiet_assets.rb:11:in 'Propshaft::QuietAssets#call'
actionpack (8.1.3) lib/action_dispatch/middleware/remote_ip.rb:98:in 'ActionDispatch::RemoteIp#call'
actionpack (8.1.3) lib/action_dispatch/middleware/request_id.rb:34:in 'ActionDispatch::RequestId#call'
rack (3.2.6) lib/rack/method_override.rb:28:in 'Rack::MethodOverride#call'
rack (3.2.6) lib/rack/runtime.rb:24:in 'Rack::Runtime#call'
activesupport (8.1.3) lib/active_support/cache/strategy/local_cache_middleware.rb:30:in 'ActiveSupport::Cache::Strategy::LocalCache::Middleware#call'
actionpack (8.1.3) lib/action_dispatch/middleware/server_timing.rb:61:in 'block in ActionDispatch::ServerTiming#call'
actionpack (8.1.3) lib/action_dispatch/middleware/server_timing.rb:26:in 'ActionDispatch::ServerTiming::Subscriber#collect_events'
actionpack (8.1.3) lib/action_dispatch/middleware/server_timing.rb:60:in 'ActionDispatch::ServerTiming#call'
actionpack (8.1.3) lib/action_dispatch/middleware/executor.rb:20:in 'ActionDispatch::Executor#call'
propshaft (1.3.2) lib/propshaft/server.rb:37:in 'Propshaft::Server#call'
actionpack (8.1.3) lib/action_dispatch/middleware/static.rb:27:in 'ActionDispatch::Static#call'
rack (3.2.6) lib/rack/sendfile.rb:131:in 'Rack::Sendfile#call'
actionpack (8.1.3) lib/action_dispatch/middleware/host_authorization.rb:143:in 'ActionDispatch::HostAuthorization#call'
railties (8.1.3) lib/rails/engine.rb:534:in 'Rails::Engine#call'
puma (8.0.2) lib/puma/configuration.rb:305:in 'Puma::Configuration::ConfigMiddleware#call'
puma (8.0.2) lib/puma/response.rb:79:in 'block in Puma::Response#handle_request'
puma (8.0.2) lib/puma/thread_pool.rb:434:in 'Puma::ThreadPool#with_force_shutdown'
puma (8.0.2) lib/puma/response.rb:78:in 'Puma::Response#handle_request'
puma (8.0.2) lib/puma/server.rb:508:in 'Puma::Server#process_client'
puma (8.0.2) lib/puma/server.rb:263:in 'block in Puma::Server#run'
puma (8.0.2) lib/puma/thread_pool.rb:246:in 'block in Puma::ThreadPool#spawn_thread'
Started GET "/" for ::1 at 2026-07-22 13:25:24 +0300
  
TypeError (superclass mismatch for class Promotion):
  
app/avo/resources/promotable/promotion.rb:1:in '<top (required)>'
Started GET "/" for ::1 at 2026-07-22 13:25:45 +0300
Processing by Rails::WelcomeController#index as HTML
  Rendering /home/mego/.rbenv/versions/4.0.1/lib/ruby/gems/4.0.0/gems/railties-8.1.3/lib/rails/templates/rails/welcome/index.html.erb
  Rendered /home/mego/.rbenv/versions/4.0.1/lib/ruby/gems/4.0.0/gems/railties-8.1.3/lib/rails/templates/rails/welcome/index.html.erb (Duration: 0.4ms | GC: 0.0ms)
Completed 200 OK in 3ms (Views: 1.4ms | ActiveRecord: 0.0ms (0 queries, 0 cached) | GC: 0.0ms)


Started GET "/avo" for ::1 at 2026-07-22 13:25:48 +0300
  
ActionController::RoutingError (No route matches [GET] "/avo"):
  
Started GET "/avo/resources/promotion" for ::1 at 2026-07-22 13:25:55 +0300
  
ActionController::RoutingError (No route matches [GET] "/avo/resources/promotion"):
  
Started GET "/avo/resources/promotions" for ::1 at 2026-07-22 13:25:56 +0300
  
ActionController::RoutingError (No route matches [GET] "/avo/resources/promotions"):
  
Started GET "/avo/resources/users" for ::1 at 2026-07-22 13:26:09 +0300
  
ActionController::RoutingError (No route matches [GET] "/avo/resources/users"):
  
Started GET "/rails/info/routes" for ::1 at 2026-07-22 13:26:17 +0300
Processing by Rails::InfoController#routes as HTML
  Rendering layout /home/mego/.rbenv/versions/4.0.1/lib/ruby/gems/4.0.0/gems/railties-8.1.3/lib/rails/templates/layouts/application.html.erb
  Rendering /home/mego/.rbenv/versions/4.0.1/lib/ruby/gems/4.0.0/gems/railties-8.1.3/lib/rails/templates/rails/info/routes.html.erb within layouts/application
  Rendered collection of /home/mego/.rbenv/versions/4.0.1/lib/ruby/gems/4.0.0/gems/actionpack-8.1.3/lib/action_dispatch/middleware/templates/routes/_route.html.erb [4 times] (Duration: 1.6ms | GC: 0.0ms)
  Rendered collection of /home/mego/.rbenv/versions/4.0.1/lib/ruby/gems/4.0.0/gems/actionpack-8.1.3/lib/action_dispatch/middleware/templates/routes/_route.html.erb [1 times] (Duration: 0.4ms | GC: 0.0ms)
  Rendered /home/mego/.rbenv/versions/4.0.1/lib/ruby/gems/4.0.0/gems/actionpack-8.1.3/lib/action_dispatch/middleware/templates/routes/_table.html.erb (Duration: 0.6ms | GC: 0.0ms)
  Rendered /home/mego/.rbenv/versions/4.0.1/lib/ruby/gems/4.0.0/gems/railties-8.1.3/lib/rails/templates/rails/info/routes.html.erb within layouts/application (Duration: 4.4ms | GC: 0.2ms)
  Rendered layout /home/mego/.rbenv/versions/4.0.1/lib/ruby/gems/4.0.0/gems/railties-8.1.3/lib/rails/templates/layouts/application.html.erb (Duration: 4.8ms | GC: 0.2ms)
Completed 200 OK in 9ms (Views: 6.0ms | ActiveRecord: 0.0ms (0 queries, 0 cached) | GC: 0.2ms)


Started GET "/promotable" for ::1 at 2026-07-22 13:26:32 +0300
  
ActionController::RoutingError (No route matches [GET] "/promotable"):
  
Started GET "/rails/info/routes" for ::1 at 2026-07-22 13:27:38 +0300
Processing by Rails::InfoController#routes as HTML
  Rendering layout /home/mego/.rbenv/versions/4.0.1/lib/ruby/gems/4.0.0/gems/railties-8.1.3/lib/rails/templates/layouts/application.html.erb
  Rendering /home/mego/.rbenv/versions/4.0.1/lib/ruby/gems/4.0.0/gems/railties-8.1.3/lib/rails/templates/rails/info/routes.html.erb within layouts/application
  Rendered collection of /home/mego/.rbenv/versions/4.0.1/lib/ruby/gems/4.0.0/gems/actionpack-8.1.3/lib/action_dispatch/middleware/templates/routes/_route.html.erb [4 times] (Duration: 0.8ms | GC: 0.0ms)
  Rendered collection of /home/mego/.rbenv/versions/4.0.1/lib/ruby/gems/4.0.0/gems/actionpack-8.1.3/lib/action_dispatch/middleware/templates/routes/_route.html.erb [1 times] (Duration: 0.2ms | GC: 0.0ms)
  Rendered /home/mego/.rbenv/versions/4.0.1/lib/ruby/gems/4.0.0/gems/actionpack-8.1.3/lib/action_dispatch/middleware/templates/routes/_table.html.erb (Duration: 0.2ms | GC: 0.0ms)
  Rendered /home/mego/.rbenv/versions/4.0.1/lib/ruby/gems/4.0.0/gems/railties-8.1.3/lib/rails/templates/rails/info/routes.html.erb within layouts/application (Duration: 1.8ms | GC: 0.0ms)
  Rendered layout /home/mego/.rbenv/versions/4.0.1/lib/ruby/gems/4.0.0/gems/railties-8.1.3/lib/rails/templates/layouts/application.html.erb (Duration: 2.0ms | GC: 0.0ms)
Completed 200 OK in 3ms (Views: 2.5ms | ActiveRecord: 0.0ms (0 queries, 0 cached) | GC: 0.0ms)


Started GET "/rails/info/routes" for ::1 at 2026-07-22 13:27:38 +0300
Processing by Rails::InfoController#routes as HTML
  Rendering layout /home/mego/.rbenv/versions/4.0.1/lib/ruby/gems/4.0.0/gems/railties-8.1.3/lib/rails/templates/layouts/application.html.erb
  Rendering /home/mego/.rbenv/versions/4.0.1/lib/ruby/gems/4.0.0/gems/railties-8.1.3/lib/rails/templates/rails/info/routes.html.erb within layouts/application
  Rendered collection of /home/mego/.rbenv/versions/4.0.1/lib/ruby/gems/4.0.0/gems/actionpack-8.1.3/lib/action_dispatch/middleware/templates/routes/_route.html.erb [4 times] (Duration: 1.8ms | GC: 0.0ms)
  Rendered collection of /home/mego/.rbenv/versions/4.0.1/lib/ruby/gems/4.0.0/gems/actionpack-8.1.3/lib/action_dispatch/middleware/templates/routes/_route.html.erb [1 times] (Duration: 0.4ms | GC: 0.0ms)
  Rendered /home/mego/.rbenv/versions/4.0.1/lib/ruby/gems/4.0.0/gems/actionpack-8.1.3/lib/action_dispatch/middleware/templates/routes/_table.html.erb (Duration: 0.3ms | GC: 0.0ms)
  Rendered /home/mego/.rbenv/versions/4.0.1/lib/ruby/gems/4.0.0/gems/railties-8.1.3/lib/rails/templates/rails/info/routes.html.erb within layouts/application (Duration: 3.5ms | GC: 0.0ms)
  Rendered layout /home/mego/.rbenv/versions/4.0.1/lib/ruby/gems/4.0.0/gems/railties-8.1.3/lib/rails/templates/layouts/application.html.erb (Duration: 3.8ms | GC: 0.0ms)
Completed 200 OK in 5ms (Views: 4.5ms | ActiveRecord: 0.0ms (0 queries, 0 cached) | GC: 0.0ms)


Started GET "/rails/info/routes" for ::1 at 2026-07-22 13:27:38 +0300
Processing by Rails::InfoController#routes as HTML
  Rendering layout /home/mego/.rbenv/versions/4.0.1/lib/ruby/gems/4.0.0/gems/railties-8.1.3/lib/rails/templates/layouts/application.html.erb
  Rendering /home/mego/.rbenv/versions/4.0.1/lib/ruby/gems/4.0.0/gems/railties-8.1.3/lib/rails/templates/rails/info/routes.html.erb within layouts/application
  Rendered collection of /home/mego/.rbenv/versions/4.0.1/lib/ruby/gems/4.0.0/gems/actionpack-8.1.3/lib/action_dispatch/middleware/templates/routes/_route.html.erb [4 times] (Duration: 1.0ms | GC: 0.0ms)
  Rendered collection of /home/mego/.rbenv/versions/4.0.1/lib/ruby/gems/4.0.0/gems/actionpack-8.1.3/lib/action_dispatch/middleware/templates/routes/_route.html.erb [1 times] (Duration: 0.3ms | GC: 0.0ms)
  Rendered /home/mego/.rbenv/versions/4.0.1/lib/ruby/gems/4.0.0/gems/actionpack-8.1.3/lib/action_dispatch/middleware/templates/routes/_table.html.erb (Duration: 0.1ms | GC: 0.0ms)
  Rendered /home/mego/.rbenv/versions/4.0.1/lib/ruby/gems/4.0.0/gems/railties-8.1.3/lib/rails/templates/rails/info/routes.html.erb within layouts/application (Duration: 1.9ms | GC: 0.0ms)
  Rendered layout /home/mego/.rbenv/versions/4.0.1/lib/ruby/gems/4.0.0/gems/railties-8.1.3/lib/rails/templates/layouts/application.html.erb (Duration: 2.1ms | GC: 0.0ms)
Completed 200 OK in 3ms (Views: 2.4ms | ActiveRecord: 0.0ms (0 queries, 0 cached) | GC: 0.0ms)


Started GET "/rails/info/routes" for ::1 at 2026-07-22 13:27:39 +0300
Processing by Rails::InfoController#routes as HTML
  Rendering layout /home/mego/.rbenv/versions/4.0.1/lib/ruby/gems/4.0.0/gems/railties-8.1.3/lib/rails/templates/layouts/application.html.erb
  Rendering /home/mego/.rbenv/versions/4.0.1/lib/ruby/gems/4.0.0/gems/railties-8.1.3/lib/rails/templates/rails/info/routes.html.erb within layouts/application
  Rendered collection of /home/mego/.rbenv/versions/4.0.1/lib/ruby/gems/4.0.0/gems/actionpack-8.1.3/lib/action_dispatch/middleware/templates/routes/_route.html.erb [4 times] (Duration: 1.0ms | GC: 0.0ms)
  Rendered collection of /home/mego/.rbenv/versions/4.0.1/lib/ruby/gems/4.0.0/gems/actionpack-8.1.3/lib/action_dispatch/middleware/templates/routes/_route.html.erb [1 times] (Duration: 0.3ms | GC: 0.0ms)
  Rendered /home/mego/.rbenv/versions/4.0.1/lib/ruby/gems/4.0.0/gems/actionpack-8.1.3/lib/action_dispatch/middleware/templates/routes/_table.html.erb (Duration: 0.1ms | GC: 0.0ms)
  Rendered /home/mego/.rbenv/versions/4.0.1/lib/ruby/gems/4.0.0/gems/railties-8.1.3/lib/rails/templates/rails/info/routes.html.erb within layouts/application (Duration: 2.0ms | GC: 0.0ms)
  Rendered layout /home/mego/.rbenv/versions/4.0.1/lib/ruby/gems/4.0.0/gems/railties-8.1.3/lib/rails/templates/layouts/application.html.erb (Duration: 2.2ms | GC: 0.0ms)
Completed 200 OK in 3ms (Views: 2.7ms | ActiveRecord: 0.0ms (0 queries, 0 cached) | GC: 0.0ms)


Started GET "/rails/info/routes" for ::1 at 2026-07-22 13:27:39 +0300
Processing by Rails::InfoController#routes as HTML
  Rendering layout /home/mego/.rbenv/versions/4.0.1/lib/ruby/gems/4.0.0/gems/railties-8.1.3/lib/rails/templates/layouts/application.html.erb
  Rendering /home/mego/.rbenv/versions/4.0.1/lib/ruby/gems/4.0.0/gems/railties-8.1.3/lib/rails/templates/rails/info/routes.html.erb within layouts/application
  Rendered collection of /home/mego/.rbenv/versions/4.0.1/lib/ruby/gems/4.0.0/gems/actionpack-8.1.3/lib/action_dispatch/middleware/templates/routes/_route.html.erb [4 times] (Duration: 2.9ms | GC: 0.0ms)
  Rendered collection of /home/mego/.rbenv/versions/4.0.1/lib/ruby/gems/4.0.0/gems/actionpack-8.1.3/lib/action_dispatch/middleware/templates/routes/_route.html.erb [1 times] (Duration: 0.7ms | GC: 0.0ms)
  Rendered /home/mego/.rbenv/versions/4.0.1/lib/ruby/gems/4.0.0/gems/actionpack-8.1.3/lib/action_dispatch/middleware/templates/routes/_table.html.erb (Duration: 0.4ms | GC: 0.0ms)
  Rendered /home/mego/.rbenv/versions/4.0.1/lib/ruby/gems/4.0.0/gems/railties-8.1.3/lib/rails/templates/rails/info/routes.html.erb within layouts/application (Duration: 5.6ms | GC: 0.0ms)
  Rendered layout /home/mego/.rbenv/versions/4.0.1/lib/ruby/gems/4.0.0/gems/railties-8.1.3/lib/rails/templates/layouts/application.html.erb (Duration: 6.0ms | GC: 0.0ms)
Completed 200 OK in 8ms (Views: 7.0ms | ActiveRecord: 0.0ms (0 queries, 0 cached) | GC: 0.0ms)


Started GET "/rails/info/routes" for ::1 at 2026-07-22 13:27:58 +0300
Processing by Rails::InfoController#routes as HTML
  Rendering layout /home/mego/.rbenv/versions/4.0.1/lib/ruby/gems/4.0.0/gems/railties-8.1.3/lib/rails/templates/layouts/application.html.erb
  Rendering /home/mego/.rbenv/versions/4.0.1/lib/ruby/gems/4.0.0/gems/railties-8.1.3/lib/rails/templates/rails/info/routes.html.erb within layouts/application
  Rendered collection of /home/mego/.rbenv/versions/4.0.1/lib/ruby/gems/4.0.0/gems/actionpack-8.1.3/lib/action_dispatch/middleware/templates/routes/_route.html.erb [4 times] (Duration: 1.5ms | GC: 0.2ms)
  Rendered collection of /home/mego/.rbenv/versions/4.0.1/lib/ruby/gems/4.0.0/gems/actionpack-8.1.3/lib/action_dispatch/middleware/templates/routes/_route.html.erb [1 times] (Duration: 0.3ms | GC: 0.0ms)
  Rendered /home/mego/.rbenv/versions/4.0.1/lib/ruby/gems/4.0.0/gems/actionpack-8.1.3/lib/action_dispatch/middleware/templates/routes/_table.html.erb (Duration: 0.5ms | GC: 0.0ms)
  Rendered /home/mego/.rbenv/versions/4.0.1/lib/ruby/gems/4.0.0/gems/railties-8.1.3/lib/rails/templates/rails/info/routes.html.erb within layouts/application (Duration: 3.4ms | GC: 0.2ms)
  Rendered layout /home/mego/.rbenv/versions/4.0.1/lib/ruby/gems/4.0.0/gems/railties-8.1.3/lib/rails/templates/layouts/application.html.erb (Duration: 3.7ms | GC: 0.2ms)
Completed 200 OK in 5ms (Views: 4.6ms | ActiveRecord: 0.0ms (0 queries, 0 cached) | GC: 0.2ms)


Started GET "/rails/info/routes" for ::1 at 2026-07-22 13:27:59 +0300
Processing by Rails::InfoController#routes as HTML
  Rendering layout /home/mego/.rbenv/versions/4.0.1/lib/ruby/gems/4.0.0/gems/railties-8.1.3/lib/rails/templates/layouts/application.html.erb
  Rendering /home/mego/.rbenv/versions/4.0.1/lib/ruby/gems/4.0.0/gems/railties-8.1.3/lib/rails/templates/rails/info/routes.html.erb within layouts/application
  Rendered collection of /home/mego/.rbenv/versions/4.0.1/lib/ruby/gems/4.0.0/gems/actionpack-8.1.3/lib/action_dispatch/middleware/templates/routes/_route.html.erb [4 times] (Duration: 1.0ms | GC: 0.0ms)
  Rendered collection of /home/mego/.rbenv/versions/4.0.1/lib/ruby/gems/4.0.0/gems/actionpack-8.1.3/lib/action_dispatch/middleware/templates/routes/_route.html.erb [1 times] (Duration: 0.3ms | GC: 0.0ms)
  Rendered /home/mego/.rbenv/versions/4.0.1/lib/ruby/gems/4.0.0/gems/actionpack-8.1.3/lib/action_dispatch/middleware/templates/routes/_table.html.erb (Duration: 0.1ms | GC: 0.0ms)
  Rendered /home/mego/.rbenv/versions/4.0.1/lib/ruby/gems/4.0.0/gems/railties-8.1.3/lib/rails/templates/rails/info/routes.html.erb within layouts/application (Duration: 1.9ms | GC: 0.0ms)
  Rendered layout /home/mego/.rbenv/versions/4.0.1/lib/ruby/gems/4.0.0/gems/railties-8.1.3/lib/rails/templates/layouts/application.html.erb (Duration: 2.1ms | GC: 0.0ms)
Completed 200 OK in 3ms (Views: 2.4ms | ActiveRecord: 0.0ms (0 queries, 0 cached) | GC: 0.0ms)


Started GET "/rails/info/routes" for ::1 at 2026-07-22 13:27:59 +0300
Processing by Rails::InfoController#routes as HTML
  Rendering layout /home/mego/.rbenv/versions/4.0.1/lib/ruby/gems/4.0.0/gems/railties-8.1.3/lib/rails/templates/layouts/application.html.erb
  Rendering /home/mego/.rbenv/versions/4.0.1/lib/ruby/gems/4.0.0/gems/railties-8.1.3/lib/rails/templates/rails/info/routes.html.erb within layouts/application
  Rendered collection of /home/mego/.rbenv/versions/4.0.1/lib/ruby/gems/4.0.0/gems/actionpack-8.1.3/lib/action_dispatch/middleware/templates/routes/_route.html.erb [4 times] (Duration: 0.9ms | GC: 0.0ms)
  Rendered collection of /home/mego/.rbenv/versions/4.0.1/lib/ruby/gems/4.0.0/gems/actionpack-8.1.3/lib/action_dispatch/middleware/templates/routes/_route.html.erb [1 times] (Duration: 0.3ms | GC: 0.0ms)
  Rendered /home/mego/.rbenv/versions/4.0.1/lib/ruby/gems/4.0.0/gems/actionpack-8.1.3/lib/action_dispatch/middleware/templates/routes/_table.html.erb (Duration: 0.1ms | GC: 0.0ms)
  Rendered /home/mego/.rbenv/versions/4.0.1/lib/ruby/gems/4.0.0/gems/railties-8.1.3/lib/rails/templates/rails/info/routes.html.erb within layouts/application (Duration: 2.0ms | GC: 0.0ms)
  Rendered layout /home/mego/.rbenv/versions/4.0.1/lib/ruby/gems/4.0.0/gems/railties-8.1.3/lib/rails/templates/layouts/application.html.erb (Duration: 2.1ms | GC: 0.0ms)
Completed 200 OK in 3ms (Views: 2.5ms | ActiveRecord: 0.0ms (0 queries, 0 cached) | GC: 0.0ms)


Started GET "/rails/info/routes" for ::1 at 2026-07-22 13:30:55 +0300
  
LoadError (cannot load such file -- /home/mego/Workspace/Backend/promotable/test/dummy/config/routes.rb):
  
railties (8.1.3) lib/rails/application/routes_reloader.rb:63:in 'Kernel#load'
railties (8.1.3) lib/rails/application/routes_reloader.rb:63:in 'block in Rails::Application::RoutesReloader#load_paths'
railties (8.1.3) lib/rails/application/routes_reloader.rb:63:in 'Array#each'
railties (8.1.3) lib/rails/application/routes_reloader.rb:63:in 'Rails::Application::RoutesReloader#load_paths'
railties (8.1.3) lib/rails/application/routes_reloader.rb:24:in 'Rails::Application::RoutesReloader#reload!'
railties (8.1.3) lib/rails/application/routes_reloader.rb:51:in 'block in Rails::Application::RoutesReloader#updater'
activesupport (8.1.3) lib/active_support/file_update_checker.rb:88:in 'ActiveSupport::FileUpdateChecker#execute'
railties (8.1.3) lib/rails/application/routes_reloader.rb:33:in 'Rails::Application::RoutesReloader#execute'
railties (8.1.3) lib/rails/application/finisher.rb:175:in 'block (2 levels) in <module:Finisher>'
activesupport (8.1.3) lib/active_support/callbacks.rb:407:in 'BasicObject#instance_exec'
activesupport (8.1.3) lib/active_support/callbacks.rb:407:in 'block in ActiveSupport::Callbacks::CallTemplate::InstanceExec0#make_lambda'
activesupport (8.1.3) lib/active_support/callbacks.rb:179:in 'block in ActiveSupport::Callbacks::Filters::Before#call'
activesupport (8.1.3) lib/active_support/callbacks.rb:669:in 'block in ActiveSupport::Callbacks::CallbackChain::DefaultTerminator#call'
activesupport (8.1.3) lib/active_support/callbacks.rb:668:in 'Kernel#catch'
activesupport (8.1.3) lib/active_support/callbacks.rb:668:in 'ActiveSupport::Callbacks::CallbackChain::DefaultTerminator#call'
activesupport (8.1.3) lib/active_support/callbacks.rb:180:in 'ActiveSupport::Callbacks::Filters::Before#call'
activesupport (8.1.3) lib/active_support/callbacks.rb:560:in 'block in ActiveSupport::Callbacks::CallbackSequence#invoke_before'
activesupport (8.1.3) lib/active_support/callbacks.rb:560:in 'Array#each'
activesupport (8.1.3) lib/active_support/callbacks.rb:560:in 'ActiveSupport::Callbacks::CallbackSequence#invoke_before'
activesupport (8.1.3) lib/active_support/callbacks.rb:109:in 'ActiveSupport::Callbacks#run_callbacks'
activesupport (8.1.3) lib/active_support/execution_wrapper.rb:128:in 'ActiveSupport::ExecutionWrapper#run'
activesupport (8.1.3) lib/active_support/execution_wrapper.rb:124:in 'ActiveSupport::ExecutionWrapper#run!'
activesupport (8.1.3) lib/active_support/reloader.rb:122:in 'ActiveSupport::Reloader#run!'
activesupport (8.1.3) lib/active_support/execution_wrapper.rb:77:in 'block in ActiveSupport::ExecutionWrapper.run!'
activesupport (8.1.3) lib/active_support/execution_wrapper.rb:74:in 'Kernel#tap'
activesupport (8.1.3) lib/active_support/execution_wrapper.rb:74:in 'ActiveSupport::ExecutionWrapper.run!'
activesupport (8.1.3) lib/active_support/reloader.rb:64:in 'ActiveSupport::Reloader.run!'
actionpack (8.1.3) lib/action_dispatch/middleware/executor.rb:14:in 'ActionDispatch::Executor#call'
actionpack (8.1.3) lib/action_dispatch/middleware/actionable_exceptions.rb:18:in 'ActionDispatch::ActionableExceptions#call'
actionpack (8.1.3) lib/action_dispatch/middleware/debug_exceptions.rb:31:in 'ActionDispatch::DebugExceptions#call'
actionpack (8.1.3) lib/action_dispatch/middleware/show_exceptions.rb:32:in 'ActionDispatch::ShowExceptions#call'
railties (8.1.3) lib/rails/rack/logger.rb:41:in 'Rails::Rack::Logger#call_app'
railties (8.1.3) lib/rails/rack/logger.rb:29:in 'Rails::Rack::Logger#call'
propshaft (1.3.2) lib/propshaft/quiet_assets.rb:11:in 'Propshaft::QuietAssets#call'
actionpack (8.1.3) lib/action_dispatch/middleware/remote_ip.rb:98:in 'ActionDispatch::RemoteIp#call'
actionpack (8.1.3) lib/action_dispatch/middleware/request_id.rb:34:in 'ActionDispatch::RequestId#call'
rack (3.2.6) lib/rack/method_override.rb:28:in 'Rack::MethodOverride#call'
rack (3.2.6) lib/rack/runtime.rb:24:in 'Rack::Runtime#call'
activesupport (8.1.3) lib/active_support/cache/strategy/local_cache_middleware.rb:30:in 'ActiveSupport::Cache::Strategy::LocalCache::Middleware#call'
actionpack (8.1.3) lib/action_dispatch/middleware/server_timing.rb:61:in 'block in ActionDispatch::ServerTiming#call'
actionpack (8.1.3) lib/action_dispatch/middleware/server_timing.rb:26:in 'ActionDispatch::ServerTiming::Subscriber#collect_events'
actionpack (8.1.3) lib/action_dispatch/middleware/server_timing.rb:60:in 'ActionDispatch::ServerTiming#call'
actionpack (8.1.3) lib/action_dispatch/middleware/executor.rb:20:in 'ActionDispatch::Executor#call'
propshaft (1.3.2) lib/propshaft/server.rb:37:in 'Propshaft::Server#call'
actionpack (8.1.3) lib/action_dispatch/middleware/static.rb:27:in 'ActionDispatch::Static#call'
rack (3.2.6) lib/rack/sendfile.rb:131:in 'Rack::Sendfile#call'
actionpack (8.1.3) lib/action_dispatch/middleware/host_authorization.rb:143:in 'ActionDispatch::HostAuthorization#call'
railties (8.1.3) lib/rails/engine.rb:534:in 'Rails::Engine#call'
puma (8.0.2) lib/puma/configuration.rb:305:in 'Puma::Configuration::ConfigMiddleware#call'
puma (8.0.2) lib/puma/response.rb:79:in 'block in Puma::Response#handle_request'
puma (8.0.2) lib/puma/thread_pool.rb:434:in 'Puma::ThreadPool#with_force_shutdown'
puma (8.0.2) lib/puma/response.rb:78:in 'Puma::Response#handle_request'
puma (8.0.2) lib/puma/server.rb:508:in 'Puma::Server#process_client'
puma (8.0.2) lib/puma/server.rb:263:in 'block in Puma::Server#run'
puma (8.0.2) lib/puma/thread_pool.rb:246:in 'block in Puma::ThreadPool#spawn_thread'
Started GET "/rails/info/routes" for ::1 at 2026-07-22 13:30:56 +0300
Processing by Rails::InfoController#routes as HTML
  Rendering layout /home/mego/.rbenv/versions/4.0.1/lib/ruby/gems/4.0.0/gems/railties-8.1.3/lib/rails/templates/layouts/application.html.erb
  Rendering /home/mego/.rbenv/versions/4.0.1/lib/ruby/gems/4.0.0/gems/railties-8.1.3/lib/rails/templates/rails/info/routes.html.erb within layouts/application
  Rendered /home/mego/.rbenv/versions/4.0.1/lib/ruby/gems/4.0.0/gems/actionpack-8.1.3/lib/action_dispatch/middleware/templates/routes/_table.html.erb (Duration: 0.7ms | GC: 0.0ms)
  Rendered /home/mego/.rbenv/versions/4.0.1/lib/ruby/gems/4.0.0/gems/railties-8.1.3/lib/rails/templates/rails/info/routes.html.erb within layouts/application (Duration: 1.8ms | GC: 0.0ms)
  Rendered layout /home/mego/.rbenv/versions/4.0.1/lib/ruby/gems/4.0.0/gems/railties-8.1.3/lib/rails/templates/layouts/application.html.erb (Duration: 2.3ms | GC: 0.0ms)
Completed 200 OK in 5ms (Views: 3.5ms | ActiveRecord: 0.0ms (0 queries, 0 cached) | GC: 0.0ms)


Started GET "/rails/info/routes" for ::1 at 2026-07-22 13:30:57 +0300
Processing by Rails::InfoController#routes as HTML
  Rendering layout /home/mego/.rbenv/versions/4.0.1/lib/ruby/gems/4.0.0/gems/railties-8.1.3/lib/rails/templates/layouts/application.html.erb
  Rendering /home/mego/.rbenv/versions/4.0.1/lib/ruby/gems/4.0.0/gems/railties-8.1.3/lib/rails/templates/rails/info/routes.html.erb within layouts/application
  Rendered /home/mego/.rbenv/versions/4.0.1/lib/ruby/gems/4.0.0/gems/actionpack-8.1.3/lib/action_dispatch/middleware/templates/routes/_table.html.erb (Duration: 0.2ms | GC: 0.0ms)
  Rendered /home/mego/.rbenv/versions/4.0.1/lib/ruby/gems/4.0.0/gems/railties-8.1.3/lib/rails/templates/rails/info/routes.html.erb within layouts/application (Duration: 0.4ms | GC: 0.0ms)
  Rendered layout /home/mego/.rbenv/versions/4.0.1/lib/ruby/gems/4.0.0/gems/railties-8.1.3/lib/rails/templates/layouts/application.html.erb (Duration: 0.7ms | GC: 0.0ms)
Completed 200 OK in 2ms (Views: 1.2ms | ActiveRecord: 0.0ms (0 queries, 0 cached) | GC: 0.0ms)


Started GET "/rails/info/routes" for ::1 at 2026-07-22 13:30:58 +0300
Processing by Rails::InfoController#routes as HTML
  Rendering layout /home/mego/.rbenv/versions/4.0.1/lib/ruby/gems/4.0.0/gems/railties-8.1.3/lib/rails/templates/layouts/application.html.erb
  Rendering /home/mego/.rbenv/versions/4.0.1/lib/ruby/gems/4.0.0/gems/railties-8.1.3/lib/rails/templates/rails/info/routes.html.erb within layouts/application
  Rendered /home/mego/.rbenv/versions/4.0.1/lib/ruby/gems/4.0.0/gems/actionpack-8.1.3/lib/action_dispatch/middleware/templates/routes/_table.html.erb (Duration: 0.2ms | GC: 0.0ms)
  Rendered /home/mego/.rbenv/versions/4.0.1/lib/ruby/gems/4.0.0/gems/railties-8.1.3/lib/rails/templates/rails/info/routes.html.erb within layouts/application (Duration: 0.3ms | GC: 0.0ms)
  Rendered layout /home/mego/.rbenv/versions/4.0.1/lib/ruby/gems/4.0.0/gems/railties-8.1.3/lib/rails/templates/layouts/application.html.erb (Duration: 0.5ms | GC: 0.0ms)
Completed 200 OK in 1ms (Views: 0.9ms | ActiveRecord: 0.0ms (0 queries, 0 cached) | GC: 0.0ms)


Started GET "/rails/info/routes" for ::1 at 2026-07-22 13:30:58 +0300
Processing by Rails::InfoController#routes as HTML
  Rendering layout /home/mego/.rbenv/versions/4.0.1/lib/ruby/gems/4.0.0/gems/railties-8.1.3/lib/rails/templates/layouts/application.html.erb
  Rendering /home/mego/.rbenv/versions/4.0.1/lib/ruby/gems/4.0.0/gems/railties-8.1.3/lib/rails/templates/rails/info/routes.html.erb within layouts/application
  Rendered /home/mego/.rbenv/versions/4.0.1/lib/ruby/gems/4.0.0/gems/actionpack-8.1.3/lib/action_dispatch/middleware/templates/routes/_table.html.erb (Duration: 0.2ms | GC: 0.0ms)
  Rendered /home/mego/.rbenv/versions/4.0.1/lib/ruby/gems/4.0.0/gems/railties-8.1.3/lib/rails/templates/rails/info/routes.html.erb within layouts/application (Duration: 0.4ms | GC: 0.0ms)
  Rendered layout /home/mego/.rbenv/versions/4.0.1/lib/ruby/gems/4.0.0/gems/railties-8.1.3/lib/rails/templates/layouts/application.html.erb (Duration: 0.6ms | GC: 0.0ms)
Completed 200 OK in 1ms (Views: 0.9ms | ActiveRecord: 0.0ms (0 queries, 0 cached) | GC: 0.0ms)


Started GET "/rails/info/routes" for ::1 at 2026-07-22 13:31:21 +0300
Processing by Rails::InfoController#routes as HTML
  Rendering layout /home/mego/.rbenv/versions/4.0.1/lib/ruby/gems/4.0.0/gems/railties-8.1.3/lib/rails/templates/layouts/application.html.erb
  Rendering /home/mego/.rbenv/versions/4.0.1/lib/ruby/gems/4.0.0/gems/railties-8.1.3/lib/rails/templates/rails/info/routes.html.erb within layouts/application
  Rendered /home/mego/.rbenv/versions/4.0.1/lib/ruby/gems/4.0.0/gems/actionpack-8.1.3/lib/action_dispatch/middleware/templates/routes/_table.html.erb (Duration: 0.2ms | GC: 0.0ms)
  Rendered /home/mego/.rbenv/versions/4.0.1/lib/ruby/gems/4.0.0/gems/railties-8.1.3/lib/rails/templates/rails/info/routes.html.erb within layouts/application (Duration: 0.3ms | GC: 0.0ms)
  Rendered layout /home/mego/.rbenv/versions/4.0.1/lib/ruby/gems/4.0.0/gems/railties-8.1.3/lib/rails/templates/layouts/application.html.erb (Duration: 0.5ms | GC: 0.0ms)
Completed 200 OK in 1ms (Views: 0.9ms | ActiveRecord: 0.0ms (0 queries, 0 cached) | GC: 0.0ms)


Started GET "/rails/info/routes" for ::1 at 2026-07-22 13:31:21 +0300
Processing by Rails::InfoController#routes as HTML
  Rendering layout /home/mego/.rbenv/versions/4.0.1/lib/ruby/gems/4.0.0/gems/railties-8.1.3/lib/rails/templates/layouts/application.html.erb
  Rendering /home/mego/.rbenv/versions/4.0.1/lib/ruby/gems/4.0.0/gems/railties-8.1.3/lib/rails/templates/rails/info/routes.html.erb within layouts/application
  Rendered /home/mego/.rbenv/versions/4.0.1/lib/ruby/gems/4.0.0/gems/actionpack-8.1.3/lib/action_dispatch/middleware/templates/routes/_table.html.erb (Duration: 0.2ms | GC: 0.0ms)
  Rendered /home/mego/.rbenv/versions/4.0.1/lib/ruby/gems/4.0.0/gems/railties-8.1.3/lib/rails/templates/rails/info/routes.html.erb within layouts/application (Duration: 0.3ms | GC: 0.0ms)
  Rendered layout /home/mego/.rbenv/versions/4.0.1/lib/ruby/gems/4.0.0/gems/railties-8.1.3/lib/rails/templates/layouts/application.html.erb (Duration: 0.4ms | GC: 0.0ms)
Completed 200 OK in 1ms (Views: 0.8ms | ActiveRecord: 0.0ms (0 queries, 0 cached) | GC: 0.0ms)


Started GET "/rails/info/routes" for ::1 at 2026-07-22 13:31:22 +0300
Processing by Rails::InfoController#routes as HTML
  Rendering layout /home/mego/.rbenv/versions/4.0.1/lib/ruby/gems/4.0.0/gems/railties-8.1.3/lib/rails/templates/layouts/application.html.erb
  Rendering /home/mego/.rbenv/versions/4.0.1/lib/ruby/gems/4.0.0/gems/railties-8.1.3/lib/rails/templates/rails/info/routes.html.erb within layouts/application
  Rendered /home/mego/.rbenv/versions/4.0.1/lib/ruby/gems/4.0.0/gems/actionpack-8.1.3/lib/action_dispatch/middleware/templates/routes/_table.html.erb (Duration: 0.2ms | GC: 0.0ms)
  Rendered /home/mego/.rbenv/versions/4.0.1/lib/ruby/gems/4.0.0/gems/railties-8.1.3/lib/rails/templates/rails/info/routes.html.erb within layouts/application (Duration: 0.3ms | GC: 0.0ms)
  Rendered layout /home/mego/.rbenv/versions/4.0.1/lib/ruby/gems/4.0.0/gems/railties-8.1.3/lib/rails/templates/layouts/application.html.erb (Duration: 0.5ms | GC: 0.0ms)
Completed 200 OK in 1ms (Views: 1.1ms | ActiveRecord: 0.0ms (0 queries, 0 cached) | GC: 0.3ms)


Started GET "/rails/info/routes" for ::1 at 2026-07-22 13:31:22 +0300
Processing by Rails::InfoController#routes as HTML
  Rendering layout /home/mego/.rbenv/versions/4.0.1/lib/ruby/gems/4.0.0/gems/railties-8.1.3/lib/rails/templates/layouts/application.html.erb
  Rendering /home/mego/.rbenv/versions/4.0.1/lib/ruby/gems/4.0.0/gems/railties-8.1.3/lib/rails/templates/rails/info/routes.html.erb within layouts/application
  Rendered /home/mego/.rbenv/versions/4.0.1/lib/ruby/gems/4.0.0/gems/actionpack-8.1.3/lib/action_dispatch/middleware/templates/routes/_table.html.erb (Duration: 0.2ms | GC: 0.0ms)
  Rendered /home/mego/.rbenv/versions/4.0.1/lib/ruby/gems/4.0.0/gems/railties-8.1.3/lib/rails/templates/rails/info/routes.html.erb within layouts/application (Duration: 0.4ms | GC: 0.0ms)
  Rendered layout /home/mego/.rbenv/versions/4.0.1/lib/ruby/gems/4.0.0/gems/railties-8.1.3/lib/rails/templates/layouts/application.html.erb (Duration: 0.6ms | GC: 0.0ms)
Completed 200 OK in 1ms (Views: 1.0ms | ActiveRecord: 0.0ms (0 queries, 0 cached) | GC: 0.0ms)


Started GET "/rails/info/routes" for ::1 at 2026-07-22 13:31:22 +0300
Processing by Rails::InfoController#routes as HTML
  Rendering layout /home/mego/.rbenv/versions/4.0.1/lib/ruby/gems/4.0.0/gems/railties-8.1.3/lib/rails/templates/layouts/application.html.erb
  Rendering /home/mego/.rbenv/versions/4.0.1/lib/ruby/gems/4.0.0/gems/railties-8.1.3/lib/rails/templates/rails/info/routes.html.erb within layouts/application
  Rendered /home/mego/.rbenv/versions/4.0.1/lib/ruby/gems/4.0.0/gems/actionpack-8.1.3/lib/action_dispatch/middleware/templates/routes/_table.html.erb (Duration: 0.2ms | GC: 0.0ms)
  Rendered /home/mego/.rbenv/versions/4.0.1/lib/ruby/gems/4.0.0/gems/railties-8.1.3/lib/rails/templates/rails/info/routes.html.erb within layouts/application (Duration: 0.3ms | GC: 0.0ms)
  Rendered layout /home/mego/.rbenv/versions/4.0.1/lib/ruby/gems/4.0.0/gems/railties-8.1.3/lib/rails/templates/layouts/application.html.erb (Duration: 0.5ms | GC: 0.0ms)
Completed 200 OK in 1ms (Views: 0.9ms | ActiveRecord: 0.0ms (0 queries, 0 cached) | GC: 0.0ms)


Started GET "/rails/info/routes" for ::1 at 2026-07-22 13:31:31 +0300
Processing by Rails::InfoController#routes as HTML
  Rendering layout /home/mego/.rbenv/versions/4.0.1/lib/ruby/gems/4.0.0/gems/railties-8.1.3/lib/rails/templates/layouts/application.html.erb
  Rendering /home/mego/.rbenv/versions/4.0.1/lib/ruby/gems/4.0.0/gems/railties-8.1.3/lib/rails/templates/rails/info/routes.html.erb within layouts/application
  Rendered /home/mego/.rbenv/versions/4.0.1/lib/ruby/gems/4.0.0/gems/actionpack-8.1.3/lib/action_dispatch/middleware/templates/routes/_table.html.erb (Duration: 0.3ms | GC: 0.0ms)
  Rendered /home/mego/.rbenv/versions/4.0.1/lib/ruby/gems/4.0.0/gems/railties-8.1.3/lib/rails/templates/rails/info/routes.html.erb within layouts/application (Duration: 0.5ms | GC: 0.0ms)
  Rendered layout /home/mego/.rbenv/versions/4.0.1/lib/ruby/gems/4.0.0/gems/railties-8.1.3/lib/rails/templates/layouts/application.html.erb (Duration: 0.8ms | GC: 0.0ms)
Completed 200 OK in 1ms (Views: 1.2ms | ActiveRecord: 0.0ms (0 queries, 0 cached) | GC: 0.0ms)


Started GET "/rails/info/routes" for ::1 at 2026-07-22 13:31:32 +0300
Processing by Rails::InfoController#routes as HTML
  Rendering layout /home/mego/.rbenv/versions/4.0.1/lib/ruby/gems/4.0.0/gems/railties-8.1.3/lib/rails/templates/layouts/application.html.erb
  Rendering /home/mego/.rbenv/versions/4.0.1/lib/ruby/gems/4.0.0/gems/railties-8.1.3/lib/rails/templates/rails/info/routes.html.erb within layouts/application
  Rendered /home/mego/.rbenv/versions/4.0.1/lib/ruby/gems/4.0.0/gems/actionpack-8.1.3/lib/action_dispatch/middleware/templates/routes/_table.html.erb (Duration: 0.2ms | GC: 0.0ms)
  Rendered /home/mego/.rbenv/versions/4.0.1/lib/ruby/gems/4.0.0/gems/railties-8.1.3/lib/rails/templates/rails/info/routes.html.erb within layouts/application (Duration: 0.4ms | GC: 0.0ms)
  Rendered layout /home/mego/.rbenv/versions/4.0.1/lib/ruby/gems/4.0.0/gems/railties-8.1.3/lib/rails/templates/layouts/application.html.erb (Duration: 0.7ms | GC: 0.0ms)
Completed 200 OK in 2ms (Views: 1.2ms | ActiveRecord: 0.0ms (0 queries, 0 cached) | GC: 0.0ms)


Started GET "/rails/info/routes" for ::1 at 2026-07-22 13:31:32 +0300
Processing by Rails::InfoController#routes as HTML
  Rendering layout /home/mego/.rbenv/versions/4.0.1/lib/ruby/gems/4.0.0/gems/railties-8.1.3/lib/rails/templates/layouts/application.html.erb
  Rendering /home/mego/.rbenv/versions/4.0.1/lib/ruby/gems/4.0.0/gems/railties-8.1.3/lib/rails/templates/rails/info/routes.html.erb within layouts/application
  Rendered /home/mego/.rbenv/versions/4.0.1/lib/ruby/gems/4.0.0/gems/actionpack-8.1.3/lib/action_dispatch/middleware/templates/routes/_table.html.erb (Duration: 0.3ms | GC: 0.0ms)
  Rendered /home/mego/.rbenv/versions/4.0.1/lib/ruby/gems/4.0.0/gems/railties-8.1.3/lib/rails/templates/rails/info/routes.html.erb within layouts/application (Duration: 0.5ms | GC: 0.0ms)
  Rendered layout /home/mego/.rbenv/versions/4.0.1/lib/ruby/gems/4.0.0/gems/railties-8.1.3/lib/rails/templates/layouts/application.html.erb (Duration: 0.8ms | GC: 0.0ms)
Completed 200 OK in 2ms (Views: 1.3ms | ActiveRecord: 0.0ms (0 queries, 0 cached) | GC: 0.0ms)


Started GET "/rails/info/routes" for ::1 at 2026-07-22 13:31:35 +0300
Processing by Rails::InfoController#routes as HTML
  Rendering layout /home/mego/.rbenv/versions/4.0.1/lib/ruby/gems/4.0.0/gems/railties-8.1.3/lib/rails/templates/layouts/application.html.erb
  Rendering /home/mego/.rbenv/versions/4.0.1/lib/ruby/gems/4.0.0/gems/railties-8.1.3/lib/rails/templates/rails/info/routes.html.erb within layouts/application
  Rendered /home/mego/.rbenv/versions/4.0.1/lib/ruby/gems/4.0.0/gems/actionpack-8.1.3/lib/action_dispatch/middleware/templates/routes/_table.html.erb (Duration: 0.2ms | GC: 0.0ms)
  Rendered /home/mego/.rbenv/versions/4.0.1/lib/ruby/gems/4.0.0/gems/railties-8.1.3/lib/rails/templates/rails/info/routes.html.erb within layouts/application (Duration: 0.4ms | GC: 0.0ms)
  Rendered layout /home/mego/.rbenv/versions/4.0.1/lib/ruby/gems/4.0.0/gems/railties-8.1.3/lib/rails/templates/layouts/application.html.erb (Duration: 0.6ms | GC: 0.0ms)
Completed 200 OK in 1ms (Views: 1.0ms | ActiveRecord: 0.0ms (0 queries, 0 cached) | GC: 0.0ms)


Started GET "/" for ::1 at 2026-07-22 13:31:38 +0300
  
ActionController::RoutingError (No route matches [GET] "/"):
  
Started GET "/" for ::1 at 2026-07-22 13:32:03 +0300
  [1m[36mActiveRecord::SchemaMigration Load (0.2ms)[0m  [1m[34mSELECT "schema_migrations"."version" FROM "schema_migrations" ORDER BY "schema_migrations"."version" ASC /*application='Dummy'*/[0m
Processing by Avo::HomeController#index as HTML
  Rendering layout /home/mego/.rbenv/versions/4.0.1/lib/ruby/gems/4.0.0/gems/avo-4.0.15/app/views/layouts/avo/application.html.erb
  Rendering /home/mego/.rbenv/versions/4.0.1/lib/ruby/gems/4.0.0/gems/avo-4.0.15/app/views/avo/home/index.html.erb within layouts/avo/application
  Rendered /home/mego/.rbenv/versions/4.0.1/lib/ruby/gems/4.0.0/gems/avo-4.0.15/app/views/avo/home/_resources.html.erb (Duration: 6.1ms | GC: 0.0ms)
  Rendered /home/mego/.rbenv/versions/4.0.1/lib/ruby/gems/4.0.0/gems/avo-4.0.15/app/views/avo/home/_dashboards.html.erb (Duration: 0.1ms | GC: 0.0ms)
  Rendered /home/mego/.rbenv/versions/4.0.1/lib/ruby/gems/4.0.0/gems/avo-4.0.15/app/views/avo/home/_filters.html.erb (Duration: 0.1ms | GC: 0.0ms)
  Rendered /home/mego/.rbenv/versions/4.0.1/lib/ruby/gems/4.0.0/gems/avo-4.0.15/app/views/avo/home/_actions.html.erb (Duration: 0.1ms | GC: 0.0ms)
  Rendered /home/mego/.rbenv/versions/4.0.1/lib/ruby/gems/4.0.0/gems/avo-4.0.15/app/views/avo/home/_docs.html.erb (Duration: 0.2ms | GC: 0.0ms)
  Rendered /home/mego/.rbenv/versions/4.0.1/lib/ruby/gems/4.0.0/gems/avo-4.0.15/app/views/avo/home/index.html.erb within layouts/avo/application (Duration: 27.8ms | GC: 0.0ms)
  Rendered /home/mego/.rbenv/versions/4.0.1/lib/ruby/gems/4.0.0/gems/avo-4.0.15/app/views/avo/partials/_javascript.html.erb (Duration: 0.8ms | GC: 0.0ms)
  Rendered /home/mego/.rbenv/versions/4.0.1/lib/ruby/gems/4.0.0/gems/avo-4.0.15/app/views/avo/partials/_appearance.html.erb (Duration: 34.1ms | GC: 17.6ms)
  Rendered /home/mego/.rbenv/versions/4.0.1/lib/ruby/gems/4.0.0/gems/avo-4.0.15/app/views/avo/partials/_pre_head.html.erb (Duration: 0.3ms | GC: 0.0ms)
  Rendered /home/mego/.rbenv/versions/4.0.1/lib/ruby/gems/4.0.0/gems/avo-4.0.15/app/views/avo/partials/_head.html.erb (Duration: 0.2ms | GC: 0.0ms)
  Rendered /home/mego/.rbenv/versions/4.0.1/lib/ruby/gems/4.0.0/gems/avo-4.0.15/app/views/avo/partials/_color_theme_override.html.erb (Duration: 0.2ms | GC: 0.0ms)
  Rendered /home/mego/.rbenv/versions/4.0.1/lib/ruby/gems/4.0.0/gems/avo-4.0.15/app/views/avo/partials/_appearance_overrides.html.erb (Duration: 0.2ms | GC: 0.0ms)
  Rendered /home/mego/.rbenv/versions/4.0.1/lib/ruby/gems/4.0.0/gems/avo-4.0.15/app/views/avo/partials/_logo.html.erb (Duration: 0.9ms | GC: 0.0ms)
  Rendered /home/mego/.rbenv/versions/4.0.1/lib/ruby/gems/4.0.0/gems/avo-4.0.15/app/views/avo/partials/_header.html.erb (Duration: 8.0ms | GC: 0.0ms)
  Rendered /home/mego/.rbenv/versions/4.0.1/lib/ruby/gems/4.0.0/gems/avo-4.0.15/app/views/avo/partials/_switcher_inline.html.erb (Duration: 11.1ms | GC: 0.0ms)
  Rendered /home/mego/.rbenv/versions/4.0.1/lib/ruby/gems/4.0.0/gems/avo-4.0.15/app/views/avo/partials/_switcher_dropdown.html.erb (Duration: 6.9ms | GC: 0.0ms)
  Rendered /home/mego/.rbenv/versions/4.0.1/lib/ruby/gems/4.0.0/gems/avo-4.0.15/app/views/avo/partials/_color_scheme_switcher.html.erb (Duration: 19.5ms | GC: 0.0ms)
  Rendered /home/mego/.rbenv/versions/4.0.1/lib/ruby/gems/4.0.0/gems/avo-4.0.15/app/views/avo/partials/_navbar.html.erb (Duration: 36.6ms | GC: 0.0ms)
  Rendered /home/mego/.rbenv/versions/4.0.1/lib/ruby/gems/4.0.0/gems/avo-4.0.15/app/views/avo/partials/_sidebar_extra.html.erb (Duration: 0.2ms | GC: 0.0ms)
  Rendered /home/mego/.rbenv/versions/4.0.1/lib/ruby/gems/4.0.0/gems/avo-4.0.15/app/views/avo/partials/_profile_menu_extra.html.erb (Duration: 0.2ms | GC: 0.0ms)
  Rendered /home/mego/.rbenv/versions/4.0.1/lib/ruby/gems/4.0.0/gems/avo-4.0.15/app/views/avo/partials/_sidebar_extra.html.erb (Duration: 0.0ms | GC: 0.0ms)
  Rendered /home/mego/.rbenv/versions/4.0.1/lib/ruby/gems/4.0.0/gems/avo-4.0.15/app/views/avo/partials/_profile_menu_extra.html.erb (Duration: 0.0ms | GC: 0.0ms)
  Rendered /home/mego/.rbenv/versions/4.0.1/lib/ruby/gems/4.0.0/gems/avo-4.0.15/app/views/avo/partials/_custom_tools_alert.html.erb (Duration: 0.5ms | GC: 0.0ms)
  Rendered /home/mego/.rbenv/versions/4.0.1/lib/ruby/gems/4.0.0/gems/avo-4.0.15/app/views/avo/partials/_footer.html.erb (Duration: 0.3ms | GC: 0.0ms)
  Rendered /home/mego/.rbenv/versions/4.0.1/lib/ruby/gems/4.0.0/gems/avo-4.0.15/app/views/avo/partials/_all_alerts.html.erb (Duration: 2.9ms | GC: 0.0ms)
  Rendered /home/mego/.rbenv/versions/4.0.1/lib/ruby/gems/4.0.0/gems/avo-4.0.15/app/views/avo/partials/_alerts.html.erb (Duration: 3.6ms | GC: 0.0ms)
  Rendered /home/mego/.rbenv/versions/4.0.1/lib/ruby/gems/4.0.0/gems/avo-4.0.15/app/views/avo/partials/_scripts.html.erb (Duration: 0.2ms | GC: 0.0ms)
  Rendered /home/mego/.rbenv/versions/4.0.1/lib/ruby/gems/4.0.0/gems/avo-4.0.15/app/views/avo/partials/_confirm_dialog.html.erb (Duration: 1.5ms | GC: 0.0ms)
  Rendered layout /home/mego/.rbenv/versions/4.0.1/lib/ruby/gems/4.0.0/gems/avo-4.0.15/app/views/layouts/avo/application.html.erb (Duration: 180.3ms | GC: 17.6ms)
Completed 200 OK in 222ms (Views: 182.4ms | ActiveRecord: 0.0ms (0 queries, 0 cached) | GC: 17.6ms)


Started GET "/promotable/" for ::1 at 2026-07-22 13:32:07 +0300
Processing by Avo::HomeController#index as HTML
  Rendering layout /home/mego/.rbenv/versions/4.0.1/lib/ruby/gems/4.0.0/gems/avo-4.0.15/app/views/layouts/avo/application.html.erb
  Rendering /home/mego/.rbenv/versions/4.0.1/lib/ruby/gems/4.0.0/gems/avo-4.0.15/app/views/avo/home/index.html.erb within layouts/avo/application
  Rendered /home/mego/.rbenv/versions/4.0.1/lib/ruby/gems/4.0.0/gems/avo-4.0.15/app/views/avo/home/_resources.html.erb (Duration: 0.1ms | GC: 0.0ms)
  Rendered /home/mego/.rbenv/versions/4.0.1/lib/ruby/gems/4.0.0/gems/avo-4.0.15/app/views/avo/home/_dashboards.html.erb (Duration: 0.1ms | GC: 0.0ms)
  Rendered /home/mego/.rbenv/versions/4.0.1/lib/ruby/gems/4.0.0/gems/avo-4.0.15/app/views/avo/home/_filters.html.erb (Duration: 0.0ms | GC: 0.0ms)
  Rendered /home/mego/.rbenv/versions/4.0.1/lib/ruby/gems/4.0.0/gems/avo-4.0.15/app/views/avo/home/_actions.html.erb (Duration: 0.0ms | GC: 0.0ms)
  Rendered /home/mego/.rbenv/versions/4.0.1/lib/ruby/gems/4.0.0/gems/avo-4.0.15/app/views/avo/home/_docs.html.erb (Duration: 0.0ms | GC: 0.0ms)
  Rendered /home/mego/.rbenv/versions/4.0.1/lib/ruby/gems/4.0.0/gems/avo-4.0.15/app/views/avo/home/index.html.erb within layouts/avo/application (Duration: 10.4ms | GC: 0.3ms)
  Rendered /home/mego/.rbenv/versions/4.0.1/lib/ruby/gems/4.0.0/gems/avo-4.0.15/app/views/avo/partials/_javascript.html.erb (Duration: 0.5ms | GC: 0.0ms)
  Rendered /home/mego/.rbenv/versions/4.0.1/lib/ruby/gems/4.0.0/gems/avo-4.0.15/app/views/avo/partials/_appearance.html.erb (Duration: 0.3ms | GC: 0.0ms)
  Rendered /home/mego/.rbenv/versions/4.0.1/lib/ruby/gems/4.0.0/gems/avo-4.0.15/app/views/avo/partials/_pre_head.html.erb (Duration: 0.0ms | GC: 0.0ms)
  Rendered /home/mego/.rbenv/versions/4.0.1/lib/ruby/gems/4.0.0/gems/avo-4.0.15/app/views/avo/partials/_head.html.erb (Duration: 0.0ms | GC: 0.0ms)
  Rendered /home/mego/.rbenv/versions/4.0.1/lib/ruby/gems/4.0.0/gems/avo-4.0.15/app/views/avo/partials/_color_theme_override.html.erb (Duration: 0.0ms | GC: 0.0ms)
  Rendered /home/mego/.rbenv/versions/4.0.1/lib/ruby/gems/4.0.0/gems/avo-4.0.15/app/views/avo/partials/_appearance_overrides.html.erb (Duration: 0.0ms | GC: 0.0ms)
  Rendered /home/mego/.rbenv/versions/4.0.1/lib/ruby/gems/4.0.0/gems/avo-4.0.15/app/views/avo/partials/_logo.html.erb (Duration: 0.5ms | GC: 0.0ms)
  Rendered /home/mego/.rbenv/versions/4.0.1/lib/ruby/gems/4.0.0/gems/avo-4.0.15/app/views/avo/partials/_header.html.erb (Duration: 5.0ms | GC: 0.0ms)
  Rendered /home/mego/.rbenv/versions/4.0.1/lib/ruby/gems/4.0.0/gems/avo-4.0.15/app/views/avo/partials/_switcher_inline.html.erb (Duration: 7.6ms | GC: 0.2ms)
  Rendered /home/mego/.rbenv/versions/4.0.1/lib/ruby/gems/4.0.0/gems/avo-4.0.15/app/views/avo/partials/_switcher_dropdown.html.erb (Duration: 4.8ms | GC: 0.2ms)
  Rendered /home/mego/.rbenv/versions/4.0.1/lib/ruby/gems/4.0.0/gems/avo-4.0.15/app/views/avo/partials/_color_scheme_switcher.html.erb (Duration: 13.1ms | GC: 0.4ms)
  Rendered /home/mego/.rbenv/versions/4.0.1/lib/ruby/gems/4.0.0/gems/avo-4.0.15/app/views/avo/partials/_navbar.html.erb (Duration: 21.7ms | GC: 0.4ms)
  Rendered /home/mego/.rbenv/versions/4.0.1/lib/ruby/gems/4.0.0/gems/avo-4.0.15/app/views/avo/partials/_sidebar_extra.html.erb (Duration: 0.0ms | GC: 0.0ms)
  Rendered /home/mego/.rbenv/versions/4.0.1/lib/ruby/gems/4.0.0/gems/avo-4.0.15/app/views/avo/partials/_profile_menu_extra.html.erb (Duration: 0.0ms | GC: 0.0ms)
  Rendered /home/mego/.rbenv/versions/4.0.1/lib/ruby/gems/4.0.0/gems/avo-4.0.15/app/views/avo/partials/_sidebar_extra.html.erb (Duration: 0.0ms | GC: 0.0ms)
  Rendered /home/mego/.rbenv/versions/4.0.1/lib/ruby/gems/4.0.0/gems/avo-4.0.15/app/views/avo/partials/_profile_menu_extra.html.erb (Duration: 0.0ms | GC: 0.0ms)
  Rendered /home/mego/.rbenv/versions/4.0.1/lib/ruby/gems/4.0.0/gems/avo-4.0.15/app/views/avo/partials/_custom_tools_alert.html.erb (Duration: 0.0ms | GC: 0.0ms)
  Rendered /home/mego/.rbenv/versions/4.0.1/lib/ruby/gems/4.0.0/gems/avo-4.0.15/app/views/avo/partials/_footer.html.erb (Duration: 0.0ms | GC: 0.0ms)
  Rendered /home/mego/.rbenv/versions/4.0.1/lib/ruby/gems/4.0.0/gems/avo-4.0.15/app/views/avo/partials/_all_alerts.html.erb (Duration: 0.8ms | GC: 0.0ms)
  Rendered /home/mego/.rbenv/versions/4.0.1/lib/ruby/gems/4.0.0/gems/avo-4.0.15/app/views/avo/partials/_alerts.html.erb (Duration: 1.0ms | GC: 0.0ms)
  Rendered /home/mego/.rbenv/versions/4.0.1/lib/ruby/gems/4.0.0/gems/avo-4.0.15/app/views/avo/partials/_scripts.html.erb (Duration: 0.0ms | GC: 0.0ms)
  Rendered /home/mego/.rbenv/versions/4.0.1/lib/ruby/gems/4.0.0/gems/avo-4.0.15/app/views/avo/partials/_confirm_dialog.html.erb (Duration: 0.4ms | GC: 0.0ms)
  Rendered layout /home/mego/.rbenv/versions/4.0.1/lib/ruby/gems/4.0.0/gems/avo-4.0.15/app/views/layouts/avo/application.html.erb (Duration: 69.9ms | GC: 1.1ms)
Completed 200 OK in 73ms (Views: 70.7ms | ActiveRecord: 0.0ms (0 queries, 0 cached) | GC: 1.1ms)


Started GET "/promotion" for ::1 at 2026-07-22 13:32:11 +0300
  
ActionController::RoutingError (No route matches [GET] "/promotion"):
  
Started GET "/avo/promotion" for ::1 at 2026-07-22 13:32:14 +0300
  
ActionController::RoutingError (No route matches [GET] "/avo/promotion"):
  
Started GET "/avo/promotions" for ::1 at 2026-07-22 13:32:16 +0300
  
ActionController::RoutingError (No route matches [GET] "/avo/promotions"):
  
Started GET "/promotions" for ::1 at 2026-07-22 13:32:19 +0300
  
ActionController::RoutingError (No route matches [GET] "/promotions"):
  
Started GET "/users" for ::1 at 2026-07-22 13:32:23 +0300
  
ActionController::RoutingError (No route matches [GET] "/users"):
  
Started GET "/promotable" for ::1 at 2026-07-22 13:32:47 +0300
Processing by Avo::HomeController#index as HTML
  Rendering layout /home/mego/.rbenv/versions/4.0.1/lib/ruby/gems/4.0.0/gems/avo-4.0.15/app/views/layouts/avo/application.html.erb
  Rendering /home/mego/.rbenv/versions/4.0.1/lib/ruby/gems/4.0.0/gems/avo-4.0.15/app/views/avo/home/index.html.erb within layouts/avo/application
  Rendered /home/mego/.rbenv/versions/4.0.1/lib/ruby/gems/4.0.0/gems/avo-4.0.15/app/views/avo/home/_resources.html.erb (Duration: 0.0ms | GC: 0.0ms)
  Rendered /home/mego/.rbenv/versions/4.0.1/lib/ruby/gems/4.0.0/gems/avo-4.0.15/app/views/avo/home/_dashboards.html.erb (Duration: 0.0ms | GC: 0.0ms)
  Rendered /home/mego/.rbenv/versions/4.0.1/lib/ruby/gems/4.0.0/gems/avo-4.0.15/app/views/avo/home/_filters.html.erb (Duration: 0.0ms | GC: 0.0ms)
  Rendered /home/mego/.rbenv/versions/4.0.1/lib/ruby/gems/4.0.0/gems/avo-4.0.15/app/views/avo/home/_actions.html.erb (Duration: 0.0ms | GC: 0.0ms)
  Rendered /home/mego/.rbenv/versions/4.0.1/lib/ruby/gems/4.0.0/gems/avo-4.0.15/app/views/avo/home/_docs.html.erb (Duration: 0.0ms | GC: 0.0ms)
  Rendered /home/mego/.rbenv/versions/4.0.1/lib/ruby/gems/4.0.0/gems/avo-4.0.15/app/views/avo/home/index.html.erb within layouts/avo/application (Duration: 6.1ms | GC: 0.0ms)
  Rendered /home/mego/.rbenv/versions/4.0.1/lib/ruby/gems/4.0.0/gems/avo-4.0.15/app/views/avo/partials/_javascript.html.erb (Duration: 0.4ms | GC: 0.0ms)
  Rendered /home/mego/.rbenv/versions/4.0.1/lib/ruby/gems/4.0.0/gems/avo-4.0.15/app/views/avo/partials/_appearance.html.erb (Duration: 0.2ms | GC: 0.0ms)
  Rendered /home/mego/.rbenv/versions/4.0.1/lib/ruby/gems/4.0.0/gems/avo-4.0.15/app/views/avo/partials/_pre_head.html.erb (Duration: 0.0ms | GC: 0.0ms)
  Rendered /home/mego/.rbenv/versions/4.0.1/lib/ruby/gems/4.0.0/gems/avo-4.0.15/app/views/avo/partials/_head.html.erb (Duration: 0.0ms | GC: 0.0ms)
  Rendered /home/mego/.rbenv/versions/4.0.1/lib/ruby/gems/4.0.0/gems/avo-4.0.15/app/views/avo/partials/_color_theme_override.html.erb (Duration: 0.0ms | GC: 0.0ms)
  Rendered /home/mego/.rbenv/versions/4.0.1/lib/ruby/gems/4.0.0/gems/avo-4.0.15/app/views/avo/partials/_appearance_overrides.html.erb (Duration: 0.0ms | GC: 0.0ms)
  Rendered /home/mego/.rbenv/versions/4.0.1/lib/ruby/gems/4.0.0/gems/avo-4.0.15/app/views/avo/partials/_logo.html.erb (Duration: 0.4ms | GC: 0.0ms)
  Rendered /home/mego/.rbenv/versions/4.0.1/lib/ruby/gems/4.0.0/gems/avo-4.0.15/app/views/avo/partials/_header.html.erb (Duration: 2.9ms | GC: 0.0ms)
  Rendered /home/mego/.rbenv/versions/4.0.1/lib/ruby/gems/4.0.0/gems/avo-4.0.15/app/views/avo/partials/_switcher_inline.html.erb (Duration: 3.3ms | GC: 0.0ms)
  Rendered /home/mego/.rbenv/versions/4.0.1/lib/ruby/gems/4.0.0/gems/avo-4.0.15/app/views/avo/partials/_switcher_dropdown.html.erb (Duration: 2.2ms | GC: 0.0ms)
  Rendered /home/mego/.rbenv/versions/4.0.1/lib/ruby/gems/4.0.0/gems/avo-4.0.15/app/views/avo/partials/_color_scheme_switcher.html.erb (Duration: 5.9ms | GC: 0.0ms)
  Rendered /home/mego/.rbenv/versions/4.0.1/lib/ruby/gems/4.0.0/gems/avo-4.0.15/app/views/avo/partials/_navbar.html.erb (Duration: 11.1ms | GC: 0.0ms)
  Rendered /home/mego/.rbenv/versions/4.0.1/lib/ruby/gems/4.0.0/gems/avo-4.0.15/app/views/avo/partials/_sidebar_extra.html.erb (Duration: 0.0ms | GC: 0.0ms)
  Rendered /home/mego/.rbenv/versions/4.0.1/lib/ruby/gems/4.0.0/gems/avo-4.0.15/app/views/avo/partials/_profile_menu_extra.html.erb (Duration: 0.0ms | GC: 0.0ms)
  Rendered /home/mego/.rbenv/versions/4.0.1/lib/ruby/gems/4.0.0/gems/avo-4.0.15/app/views/avo/partials/_sidebar_extra.html.erb (Duration: 0.0ms | GC: 0.0ms)
  Rendered /home/mego/.rbenv/versions/4.0.1/lib/ruby/gems/4.0.0/gems/avo-4.0.15/app/views/avo/partials/_profile_menu_extra.html.erb (Duration: 0.0ms | GC: 0.0ms)
  Rendered /home/mego/.rbenv/versions/4.0.1/lib/ruby/gems/4.0.0/gems/avo-4.0.15/app/views/avo/partials/_custom_tools_alert.html.erb (Duration: 0.0ms | GC: 0.0ms)
  Rendered /home/mego/.rbenv/versions/4.0.1/lib/ruby/gems/4.0.0/gems/avo-4.0.15/app/views/avo/partials/_footer.html.erb (Duration: 0.0ms | GC: 0.0ms)
  Rendered /home/mego/.rbenv/versions/4.0.1/lib/ruby/gems/4.0.0/gems/avo-4.0.15/app/views/avo/partials/_all_alerts.html.erb (Duration: 0.6ms | GC: 0.0ms)
  Rendered /home/mego/.rbenv/versions/4.0.1/lib/ruby/gems/4.0.0/gems/avo-4.0.15/app/views/avo/partials/_alerts.html.erb (Duration: 0.7ms | GC: 0.0ms)
  Rendered /home/mego/.rbenv/versions/4.0.1/lib/ruby/gems/4.0.0/gems/avo-4.0.15/app/views/avo/partials/_scripts.html.erb (Duration: 0.0ms | GC: 0.0ms)
  Rendered /home/mego/.rbenv/versions/4.0.1/lib/ruby/gems/4.0.0/gems/avo-4.0.15/app/views/avo/partials/_confirm_dialog.html.erb (Duration: 0.3ms | GC: 0.0ms)
  Rendered layout /home/mego/.rbenv/versions/4.0.1/lib/ruby/gems/4.0.0/gems/avo-4.0.15/app/views/layouts/avo/application.html.erb (Duration: 38.6ms | GC: 0.0ms)
Completed 200 OK in 42ms (Views: 39.2ms | ActiveRecord: 0.0ms (0 queries, 0 cached) | GC: 0.0ms)


Started GET "/promotable/" for ::1 at 2026-07-22 13:32:50 +0300
Processing by Avo::HomeController#index as HTML
  Rendering layout /home/mego/.rbenv/versions/4.0.1/lib/ruby/gems/4.0.0/gems/avo-4.0.15/app/views/layouts/avo/application.html.erb
  Rendering /home/mego/.rbenv/versions/4.0.1/lib/ruby/gems/4.0.0/gems/avo-4.0.15/app/views/avo/home/index.html.erb within layouts/avo/application
  Rendered /home/mego/.rbenv/versions/4.0.1/lib/ruby/gems/4.0.0/gems/avo-4.0.15/app/views/avo/home/_resources.html.erb (Duration: 0.1ms | GC: 0.0ms)
  Rendered /home/mego/.rbenv/versions/4.0.1/lib/ruby/gems/4.0.0/gems/avo-4.0.15/app/views/avo/home/_dashboards.html.erb (Duration: 0.0ms | GC: 0.0ms)
  Rendered /home/mego/.rbenv/versions/4.0.1/lib/ruby/gems/4.0.0/gems/avo-4.0.15/app/views/avo/home/_filters.html.erb (Duration: 0.0ms | GC: 0.0ms)
  Rendered /home/mego/.rbenv/versions/4.0.1/lib/ruby/gems/4.0.0/gems/avo-4.0.15/app/views/avo/home/_actions.html.erb (Duration: 0.0ms | GC: 0.0ms)
  Rendered /home/mego/.rbenv/versions/4.0.1/lib/ruby/gems/4.0.0/gems/avo-4.0.15/app/views/avo/home/_docs.html.erb (Duration: 0.1ms | GC: 0.0ms)
  Rendered /home/mego/.rbenv/versions/4.0.1/lib/ruby/gems/4.0.0/gems/avo-4.0.15/app/views/avo/home/index.html.erb within layouts/avo/application (Duration: 10.3ms | GC: 1.2ms)
  Rendered /home/mego/.rbenv/versions/4.0.1/lib/ruby/gems/4.0.0/gems/avo-4.0.15/app/views/avo/partials/_javascript.html.erb (Duration: 0.3ms | GC: 0.0ms)
  Rendered /home/mego/.rbenv/versions/4.0.1/lib/ruby/gems/4.0.0/gems/avo-4.0.15/app/views/avo/partials/_appearance.html.erb (Duration: 0.2ms | GC: 0.0ms)
  Rendered /home/mego/.rbenv/versions/4.0.1/lib/ruby/gems/4.0.0/gems/avo-4.0.15/app/views/avo/partials/_pre_head.html.erb (Duration: 0.0ms | GC: 0.0ms)
  Rendered /home/mego/.rbenv/versions/4.0.1/lib/ruby/gems/4.0.0/gems/avo-4.0.15/app/views/avo/partials/_head.html.erb (Duration: 0.0ms | GC: 0.0ms)
  Rendered /home/mego/.rbenv/versions/4.0.1/lib/ruby/gems/4.0.0/gems/avo-4.0.15/app/views/avo/partials/_color_theme_override.html.erb (Duration: 0.0ms | GC: 0.0ms)
  Rendered /home/mego/.rbenv/versions/4.0.1/lib/ruby/gems/4.0.0/gems/avo-4.0.15/app/views/avo/partials/_appearance_overrides.html.erb (Duration: 0.0ms | GC: 0.0ms)
  Rendered /home/mego/.rbenv/versions/4.0.1/lib/ruby/gems/4.0.0/gems/avo-4.0.15/app/views/avo/partials/_logo.html.erb (Duration: 0.3ms | GC: 0.0ms)
  Rendered /home/mego/.rbenv/versions/4.0.1/lib/ruby/gems/4.0.0/gems/avo-4.0.15/app/views/avo/partials/_header.html.erb (Duration: 3.3ms | GC: 0.5ms)
  Rendered /home/mego/.rbenv/versions/4.0.1/lib/ruby/gems/4.0.0/gems/avo-4.0.15/app/views/avo/partials/_switcher_inline.html.erb (Duration: 3.8ms | GC: 0.3ms)
  Rendered /home/mego/.rbenv/versions/4.0.1/lib/ruby/gems/4.0.0/gems/avo-4.0.15/app/views/avo/partials/_switcher_dropdown.html.erb (Duration: 3.0ms | GC: 0.0ms)
  Rendered /home/mego/.rbenv/versions/4.0.1/lib/ruby/gems/4.0.0/gems/avo-4.0.15/app/views/avo/partials/_color_scheme_switcher.html.erb (Duration: 7.2ms | GC: 0.3ms)
  Rendered /home/mego/.rbenv/versions/4.0.1/lib/ruby/gems/4.0.0/gems/avo-4.0.15/app/views/avo/partials/_navbar.html.erb (Duration: 12.4ms | GC: 0.8ms)
  Rendered /home/mego/.rbenv/versions/4.0.1/lib/ruby/gems/4.0.0/gems/avo-4.0.15/app/views/avo/partials/_sidebar_extra.html.erb (Duration: 0.0ms | GC: 0.0ms)
  Rendered /home/mego/.rbenv/versions/4.0.1/lib/ruby/gems/4.0.0/gems/avo-4.0.15/app/views/avo/partials/_profile_menu_extra.html.erb (Duration: 0.0ms | GC: 0.0ms)
  Rendered /home/mego/.rbenv/versions/4.0.1/lib/ruby/gems/4.0.0/gems/avo-4.0.15/app/views/avo/partials/_sidebar_extra.html.erb (Duration: 0.0ms | GC: 0.0ms)
  Rendered /home/mego/.rbenv/versions/4.0.1/lib/ruby/gems/4.0.0/gems/avo-4.0.15/app/views/avo/partials/_profile_menu_extra.html.erb (Duration: 0.0ms | GC: 0.0ms)
  Rendered /home/mego/.rbenv/versions/4.0.1/lib/ruby/gems/4.0.0/gems/avo-4.0.15/app/views/avo/partials/_custom_tools_alert.html.erb (Duration: 0.0ms | GC: 0.0ms)
  Rendered /home/mego/.rbenv/versions/4.0.1/lib/ruby/gems/4.0.0/gems/avo-4.0.15/app/views/avo/partials/_footer.html.erb (Duration: 0.0ms | GC: 0.0ms)
  Rendered /home/mego/.rbenv/versions/4.0.1/lib/ruby/gems/4.0.0/gems/avo-4.0.15/app/views/avo/partials/_all_alerts.html.erb (Duration: 0.6ms | GC: 0.0ms)
  Rendered /home/mego/.rbenv/versions/4.0.1/lib/ruby/gems/4.0.0/gems/avo-4.0.15/app/views/avo/partials/_alerts.html.erb (Duration: 0.7ms | GC: 0.0ms)
  Rendered /home/mego/.rbenv/versions/4.0.1/lib/ruby/gems/4.0.0/gems/avo-4.0.15/app/views/avo/partials/_scripts.html.erb (Duration: 0.0ms | GC: 0.0ms)
  Rendered /home/mego/.rbenv/versions/4.0.1/lib/ruby/gems/4.0.0/gems/avo-4.0.15/app/views/avo/partials/_confirm_dialog.html.erb (Duration: 0.2ms | GC: 0.0ms)
  Rendered layout /home/mego/.rbenv/versions/4.0.1/lib/ruby/gems/4.0.0/gems/avo-4.0.15/app/views/layouts/avo/application.html.erb (Duration: 43.7ms | GC: 3.1ms)
Completed 200 OK in 51ms (Views: 44.7ms | ActiveRecord: 0.0ms (0 queries, 0 cached) | GC: 3.1ms)


Started GET "/rails/info/routes" for ::1 at 2026-07-22 13:32:55 +0300
Processing by Rails::InfoController#routes as HTML
  Rendering layout /home/mego/.rbenv/versions/4.0.1/lib/ruby/gems/4.0.0/gems/railties-8.1.3/lib/rails/templates/layouts/application.html.erb
  Rendering /home/mego/.rbenv/versions/4.0.1/lib/ruby/gems/4.0.0/gems/railties-8.1.3/lib/rails/templates/rails/info/routes.html.erb within layouts/application
  Rendered collection of /home/mego/.rbenv/versions/4.0.1/lib/ruby/gems/4.0.0/gems/actionpack-8.1.3/lib/action_dispatch/middleware/templates/routes/_route.html.erb [5 times] (Duration: 2.1ms | GC: 0.0ms)
  Rendered collection of /home/mego/.rbenv/versions/4.0.1/lib/ruby/gems/4.0.0/gems/actionpack-8.1.3/lib/action_dispatch/middleware/templates/routes/_route.html.erb [1 times] (Duration: 0.4ms | GC: 0.0ms)
  Rendered collection of /home/mego/.rbenv/versions/4.0.1/lib/ruby/gems/4.0.0/gems/actionpack-8.1.3/lib/action_dispatch/middleware/templates/routes/_route.html.erb [20 times] (Duration: 4.3ms | GC: 0.2ms)
  Rendered /home/mego/.rbenv/versions/4.0.1/lib/ruby/gems/4.0.0/gems/actionpack-8.1.3/lib/action_dispatch/middleware/templates/routes/_table.html.erb (Duration: 0.8ms | GC: 0.0ms)
  Rendered /home/mego/.rbenv/versions/4.0.1/lib/ruby/gems/4.0.0/gems/railties-8.1.3/lib/rails/templates/rails/info/routes.html.erb within layouts/application (Duration: 10.7ms | GC: 1.0ms)
  Rendered layout /home/mego/.rbenv/versions/4.0.1/lib/ruby/gems/4.0.0/gems/railties-8.1.3/lib/rails/templates/layouts/application.html.erb (Duration: 11.2ms | GC: 1.0ms)
Completed 200 OK in 13ms (Views: 12.2ms | ActiveRecord: 0.0ms (0 queries, 0 cached) | GC: 1.0ms)


Started GET "/resources/users" for ::1 at 2026-07-22 13:33:20 +0300
  
ActionController::RoutingError (No route matches [GET] "/resources/users"):
  
Started GET "/resources/users" for ::1 at 2026-07-22 13:34:55 +0300
Processing by Avo::UsersController#index as HTML
  Parameters: {"resource_name" => "users"}
  [1m[36mUser Count (0.1ms)[0m  [1m[34mSELECT COUNT(*) FROM "users" /*action='index',application='Dummy',controller='users'*/[0m
  [1m[36mUser Load (0.2ms)[0m  [1m[34mSELECT "users".* FROM "users" ORDER BY users.created_at desc LIMIT 24 OFFSET 0 /*action='index',application='Dummy',controller='users'*/[0m
  Rendering layout /home/mego/.rbenv/versions/4.0.1/lib/ruby/gems/4.0.0/gems/avo-4.0.15/app/views/layouts/avo/application.html.erb
  Rendering /home/mego/.rbenv/versions/4.0.1/lib/ruby/gems/4.0.0/gems/avo-4.0.15/app/views/avo/base/index.html.erb within layouts/avo/application
  Rendered /home/mego/.rbenv/versions/4.0.1/lib/ruby/gems/4.0.0/gems/avo-4.0.15/app/views/avo/base/index.html.erb within layouts/avo/application (Duration: 41.0ms | GC: 3.7ms)
  Rendered /home/mego/.rbenv/versions/4.0.1/lib/ruby/gems/4.0.0/gems/avo-4.0.15/app/views/avo/partials/_javascript.html.erb (Duration: 0.9ms | GC: 0.0ms)
  Rendered /home/mego/.rbenv/versions/4.0.1/lib/ruby/gems/4.0.0/gems/avo-4.0.15/app/views/avo/partials/_appearance.html.erb (Duration: 0.4ms | GC: 0.0ms)
  Rendered /home/mego/.rbenv/versions/4.0.1/lib/ruby/gems/4.0.0/gems/avo-4.0.15/app/views/avo/partials/_pre_head.html.erb (Duration: 0.1ms | GC: 0.0ms)
  Rendered /home/mego/.rbenv/versions/4.0.1/lib/ruby/gems/4.0.0/gems/avo-4.0.15/app/views/avo/partials/_head.html.erb (Duration: 0.1ms | GC: 0.0ms)
  Rendered /home/mego/.rbenv/versions/4.0.1/lib/ruby/gems/4.0.0/gems/avo-4.0.15/app/views/avo/partials/_color_theme_override.html.erb (Duration: 0.2ms | GC: 0.0ms)
  Rendered /home/mego/.rbenv/versions/4.0.1/lib/ruby/gems/4.0.0/gems/avo-4.0.15/app/views/avo/partials/_appearance_overrides.html.erb (Duration: 0.2ms | GC: 0.0ms)
  Rendered /home/mego/.rbenv/versions/4.0.1/lib/ruby/gems/4.0.0/gems/avo-4.0.15/app/views/avo/partials/_logo.html.erb (Duration: 0.7ms | GC: 0.1ms)
  Rendered /home/mego/.rbenv/versions/4.0.1/lib/ruby/gems/4.0.0/gems/avo-4.0.15/app/views/avo/partials/_header.html.erb (Duration: 5.3ms | GC: 0.0ms)
  Rendered /home/mego/.rbenv/versions/4.0.1/lib/ruby/gems/4.0.0/gems/avo-4.0.15/app/views/avo/partials/_switcher_inline.html.erb (Duration: 8.5ms | GC: 1.0ms)
  Rendered /home/mego/.rbenv/versions/4.0.1/lib/ruby/gems/4.0.0/gems/avo-4.0.15/app/views/avo/partials/_switcher_dropdown.html.erb (Duration: 3.5ms | GC: 0.0ms)
  Rendered /home/mego/.rbenv/versions/4.0.1/lib/ruby/gems/4.0.0/gems/avo-4.0.15/app/views/avo/partials/_color_scheme_switcher.html.erb (Duration: 13.1ms | GC: 1.0ms)
  Rendered /home/mego/.rbenv/versions/4.0.1/lib/ruby/gems/4.0.0/gems/avo-4.0.15/app/views/avo/partials/_navbar.html.erb (Duration: 21.2ms | GC: 1.1ms)
  Rendered /home/mego/.rbenv/versions/4.0.1/lib/ruby/gems/4.0.0/gems/avo-4.0.15/app/views/avo/partials/_sidebar_extra.html.erb (Duration: 0.1ms | GC: 0.0ms)
  Rendered /home/mego/.rbenv/versions/4.0.1/lib/ruby/gems/4.0.0/gems/avo-4.0.15/app/views/avo/partials/_profile_menu_extra.html.erb (Duration: 0.1ms | GC: 0.0ms)
  Rendered /home/mego/.rbenv/versions/4.0.1/lib/ruby/gems/4.0.0/gems/avo-4.0.15/app/views/avo/partials/_sidebar_extra.html.erb (Duration: 0.0ms | GC: 0.0ms)
  Rendered /home/mego/.rbenv/versions/4.0.1/lib/ruby/gems/4.0.0/gems/avo-4.0.15/app/views/avo/partials/_profile_menu_extra.html.erb (Duration: 0.0ms | GC: 0.0ms)
  Rendered /home/mego/.rbenv/versions/4.0.1/lib/ruby/gems/4.0.0/gems/avo-4.0.15/app/views/avo/partials/_custom_tools_alert.html.erb (Duration: 2.4ms | GC: 0.2ms)
  Rendered /home/mego/.rbenv/versions/4.0.1/lib/ruby/gems/4.0.0/gems/avo-4.0.15/app/views/avo/partials/_footer.html.erb (Duration: 0.3ms | GC: 0.0ms)
  Rendered /home/mego/.rbenv/versions/4.0.1/lib/ruby/gems/4.0.0/gems/avo-4.0.15/app/views/avo/partials/_all_alerts.html.erb (Duration: 2.0ms | GC: 0.0ms)
  Rendered /home/mego/.rbenv/versions/4.0.1/lib/ruby/gems/4.0.0/gems/avo-4.0.15/app/views/avo/partials/_alerts.html.erb (Duration: 2.5ms | GC: 0.0ms)
  Rendered /home/mego/.rbenv/versions/4.0.1/lib/ruby/gems/4.0.0/gems/avo-4.0.15/app/views/avo/partials/_scripts.html.erb (Duration: 0.1ms | GC: 0.0ms)
  Rendered /home/mego/.rbenv/versions/4.0.1/lib/ruby/gems/4.0.0/gems/avo-4.0.15/app/views/avo/partials/_confirm_dialog.html.erb (Duration: 0.8ms | GC: 0.2ms)
  Rendered layout /home/mego/.rbenv/versions/4.0.1/lib/ruby/gems/4.0.0/gems/avo-4.0.15/app/views/layouts/avo/application.html.erb (Duration: 108.3ms | GC: 6.1ms)
Completed 200 OK in 140ms (Views: 109.1ms | ActiveRecord: 1.6ms (2 queries, 0 cached) | GC: 11.2ms)


Started GET "/resources/users" for ::1 at 2026-07-22 13:35:03 +0300
Processing by Avo::UsersController#index as HTML
  Parameters: {"resource_name" => "users"}
  [1m[36mUser Count (0.2ms)[0m  [1m[34mSELECT COUNT(*) FROM "users" /*action='index',application='Dummy',controller='users'*/[0m
  [1m[36mUser Load (0.1ms)[0m  [1m[34mSELECT "users".* FROM "users" ORDER BY users.created_at desc LIMIT 24 OFFSET 0 /*action='index',application='Dummy',controller='users'*/[0m
  Rendering layout /home/mego/.rbenv/versions/4.0.1/lib/ruby/gems/4.0.0/gems/avo-4.0.15/app/views/layouts/avo/application.html.erb
  Rendering /home/mego/.rbenv/versions/4.0.1/lib/ruby/gems/4.0.0/gems/avo-4.0.15/app/views/avo/base/index.html.erb within layouts/avo/application
  Rendered /home/mego/.rbenv/versions/4.0.1/lib/ruby/gems/4.0.0/gems/avo-4.0.15/app/views/avo/base/index.html.erb within layouts/avo/application (Duration: 14.6ms | GC: 0.1ms)
  Rendered /home/mego/.rbenv/versions/4.0.1/lib/ruby/gems/4.0.0/gems/avo-4.0.15/app/views/avo/partials/_javascript.html.erb (Duration: 0.2ms | GC: 0.0ms)
  Rendered /home/mego/.rbenv/versions/4.0.1/lib/ruby/gems/4.0.0/gems/avo-4.0.15/app/views/avo/partials/_appearance.html.erb (Duration: 0.1ms | GC: 0.0ms)
  Rendered /home/mego/.rbenv/versions/4.0.1/lib/ruby/gems/4.0.0/gems/avo-4.0.15/app/views/avo/partials/_pre_head.html.erb (Duration: 0.0ms | GC: 0.0ms)
  Rendered /home/mego/.rbenv/versions/4.0.1/lib/ruby/gems/4.0.0/gems/avo-4.0.15/app/views/avo/partials/_head.html.erb (Duration: 0.0ms | GC: 0.0ms)
  Rendered /home/mego/.rbenv/versions/4.0.1/lib/ruby/gems/4.0.0/gems/avo-4.0.15/app/views/avo/partials/_color_theme_override.html.erb (Duration: 0.0ms | GC: 0.0ms)
  Rendered /home/mego/.rbenv/versions/4.0.1/lib/ruby/gems/4.0.0/gems/avo-4.0.15/app/views/avo/partials/_appearance_overrides.html.erb (Duration: 0.0ms | GC: 0.0ms)
  Rendered /home/mego/.rbenv/versions/4.0.1/lib/ruby/gems/4.0.0/gems/avo-4.0.15/app/views/avo/partials/_logo.html.erb (Duration: 0.5ms | GC: 0.0ms)
  Rendered /home/mego/.rbenv/versions/4.0.1/lib/ruby/gems/4.0.0/gems/avo-4.0.15/app/views/avo/partials/_header.html.erb (Duration: 2.9ms | GC: 0.0ms)
  Rendered /home/mego/.rbenv/versions/4.0.1/lib/ruby/gems/4.0.0/gems/avo-4.0.15/app/views/avo/partials/_switcher_inline.html.erb (Duration: 5.6ms | GC: 0.0ms)
  Rendered /home/mego/.rbenv/versions/4.0.1/lib/ruby/gems/4.0.0/gems/avo-4.0.15/app/views/avo/partials/_switcher_dropdown.html.erb (Duration: 2.8ms | GC: 0.0ms)
  Rendered /home/mego/.rbenv/versions/4.0.1/lib/ruby/gems/4.0.0/gems/avo-4.0.15/app/views/avo/partials/_color_scheme_switcher.html.erb (Duration: 9.0ms | GC: 0.0ms)
  Rendered /home/mego/.rbenv/versions/4.0.1/lib/ruby/gems/4.0.0/gems/avo-4.0.15/app/views/avo/partials/_navbar.html.erb (Duration: 13.8ms | GC: 0.1ms)
  Rendered /home/mego/.rbenv/versions/4.0.1/lib/ruby/gems/4.0.0/gems/avo-4.0.15/app/views/avo/partials/_sidebar_extra.html.erb (Duration: 0.0ms | GC: 0.0ms)
  Rendered /home/mego/.rbenv/versions/4.0.1/lib/ruby/gems/4.0.0/gems/avo-4.0.15/app/views/avo/partials/_profile_menu_extra.html.erb (Duration: 0.0ms | GC: 0.0ms)
  Rendered /home/mego/.rbenv/versions/4.0.1/lib/ruby/gems/4.0.0/gems/avo-4.0.15/app/views/avo/partials/_sidebar_extra.html.erb (Duration: 0.0ms | GC: 0.0ms)
  Rendered /home/mego/.rbenv/versions/4.0.1/lib/ruby/gems/4.0.0/gems/avo-4.0.15/app/views/avo/partials/_profile_menu_extra.html.erb (Duration: 0.0ms | GC: 0.0ms)
  Rendered /home/mego/.rbenv/versions/4.0.1/lib/ruby/gems/4.0.0/gems/avo-4.0.15/app/views/avo/partials/_custom_tools_alert.html.erb (Duration: 0.5ms | GC: 0.0ms)
  Rendered /home/mego/.rbenv/versions/4.0.1/lib/ruby/gems/4.0.0/gems/avo-4.0.15/app/views/avo/partials/_footer.html.erb (Duration: 0.0ms | GC: 0.0ms)
  Rendered /home/mego/.rbenv/versions/4.0.1/lib/ruby/gems/4.0.0/gems/avo-4.0.15/app/views/avo/partials/_all_alerts.html.erb (Duration: 0.7ms | GC: 0.0ms)
  Rendered /home/mego/.rbenv/versions/4.0.1/lib/ruby/gems/4.0.0/gems/avo-4.0.15/app/views/avo/partials/_alerts.html.erb (Duration: 0.8ms | GC: 0.0ms)
  Rendered /home/mego/.rbenv/versions/4.0.1/lib/ruby/gems/4.0.0/gems/avo-4.0.15/app/views/avo/partials/_scripts.html.erb (Duration: 0.0ms | GC: 0.0ms)
  Rendered /home/mego/.rbenv/versions/4.0.1/lib/ruby/gems/4.0.0/gems/avo-4.0.15/app/views/avo/partials/_confirm_dialog.html.erb (Duration: 0.4ms | GC: 0.0ms)
  Rendered layout /home/mego/.rbenv/versions/4.0.1/lib/ruby/gems/4.0.0/gems/avo-4.0.15/app/views/layouts/avo/application.html.erb (Duration: 52.3ms | GC: 0.2ms)
Completed 200 OK in 62ms (Views: 53.0ms | ActiveRecord: 0.3ms (2 queries, 0 cached) | GC: 0.4ms)


Started GET "/promotable/resources/users" for ::1 at 2026-07-22 13:35:05 +0300
Processing by Avo::UsersController#index as HTML
  Parameters: {"resource_name" => "users"}
  [1m[36mUser Count (0.2ms)[0m  [1m[34mSELECT COUNT(*) FROM "users" /*action='index',application='Dummy',controller='users'*/[0m
  [1m[36mUser Load (0.1ms)[0m  [1m[34mSELECT "users".* FROM "users" ORDER BY users.created_at desc LIMIT 24 OFFSET 0 /*action='index',application='Dummy',controller='users'*/[0m
  Rendering layout /home/mego/.rbenv/versions/4.0.1/lib/ruby/gems/4.0.0/gems/avo-4.0.15/app/views/layouts/avo/application.html.erb
  Rendering /home/mego/.rbenv/versions/4.0.1/lib/ruby/gems/4.0.0/gems/avo-4.0.15/app/views/avo/base/index.html.erb within layouts/avo/application
  Rendered /home/mego/.rbenv/versions/4.0.1/lib/ruby/gems/4.0.0/gems/avo-4.0.15/app/views/avo/base/index.html.erb within layouts/avo/application (Duration: 13.2ms | GC: 0.0ms)
  Rendered /home/mego/.rbenv/versions/4.0.1/lib/ruby/gems/4.0.0/gems/avo-4.0.15/app/views/avo/partials/_javascript.html.erb (Duration: 0.2ms | GC: 0.0ms)
  Rendered /home/mego/.rbenv/versions/4.0.1/lib/ruby/gems/4.0.0/gems/avo-4.0.15/app/views/avo/partials/_appearance.html.erb (Duration: 0.2ms | GC: 0.0ms)
  Rendered /home/mego/.rbenv/versions/4.0.1/lib/ruby/gems/4.0.0/gems/avo-4.0.15/app/views/avo/partials/_pre_head.html.erb (Duration: 0.0ms | GC: 0.0ms)
  Rendered /home/mego/.rbenv/versions/4.0.1/lib/ruby/gems/4.0.0/gems/avo-4.0.15/app/views/avo/partials/_head.html.erb (Duration: 0.0ms | GC: 0.0ms)
  Rendered /home/mego/.rbenv/versions/4.0.1/lib/ruby/gems/4.0.0/gems/avo-4.0.15/app/views/avo/partials/_color_theme_override.html.erb (Duration: 0.0ms | GC: 0.0ms)
  Rendered /home/mego/.rbenv/versions/4.0.1/lib/ruby/gems/4.0.0/gems/avo-4.0.15/app/views/avo/partials/_appearance_overrides.html.erb (Duration: 0.0ms | GC: 0.0ms)
  Rendered /home/mego/.rbenv/versions/4.0.1/lib/ruby/gems/4.0.0/gems/avo-4.0.15/app/views/avo/partials/_logo.html.erb (Duration: 0.3ms | GC: 0.0ms)
  Rendered /home/mego/.rbenv/versions/4.0.1/lib/ruby/gems/4.0.0/gems/avo-4.0.15/app/views/avo/partials/_header.html.erb (Duration: 3.1ms | GC: 0.0ms)
  Rendered /home/mego/.rbenv/versions/4.0.1/lib/ruby/gems/4.0.0/gems/avo-4.0.15/app/views/avo/partials/_switcher_inline.html.erb (Duration: 3.9ms | GC: 0.0ms)
  Rendered /home/mego/.rbenv/versions/4.0.1/lib/ruby/gems/4.0.0/gems/avo-4.0.15/app/views/avo/partials/_switcher_dropdown.html.erb (Duration: 2.3ms | GC: 0.0ms)
  Rendered /home/mego/.rbenv/versions/4.0.1/lib/ruby/gems/4.0.0/gems/avo-4.0.15/app/views/avo/partials/_color_scheme_switcher.html.erb (Duration: 6.7ms | GC: 0.0ms)
  Rendered /home/mego/.rbenv/versions/4.0.1/lib/ruby/gems/4.0.0/gems/avo-4.0.15/app/views/avo/partials/_navbar.html.erb (Duration: 11.4ms | GC: 0.0ms)
  Rendered /home/mego/.rbenv/versions/4.0.1/lib/ruby/gems/4.0.0/gems/avo-4.0.15/app/views/avo/partials/_sidebar_extra.html.erb (Duration: 0.0ms | GC: 0.0ms)
  Rendered /home/mego/.rbenv/versions/4.0.1/lib/ruby/gems/4.0.0/gems/avo-4.0.15/app/views/avo/partials/_profile_menu_extra.html.erb (Duration: 0.0ms | GC: 0.0ms)
  Rendered /home/mego/.rbenv/versions/4.0.1/lib/ruby/gems/4.0.0/gems/avo-4.0.15/app/views/avo/partials/_sidebar_extra.html.erb (Duration: 0.0ms | GC: 0.0ms)
  Rendered /home/mego/.rbenv/versions/4.0.1/lib/ruby/gems/4.0.0/gems/avo-4.0.15/app/views/avo/partials/_profile_menu_extra.html.erb (Duration: 0.0ms | GC: 0.0ms)
  Rendered /home/mego/.rbenv/versions/4.0.1/lib/ruby/gems/4.0.0/gems/avo-4.0.15/app/views/avo/partials/_custom_tools_alert.html.erb (Duration: 0.5ms | GC: 0.0ms)
  Rendered /home/mego/.rbenv/versions/4.0.1/lib/ruby/gems/4.0.0/gems/avo-4.0.15/app/views/avo/partials/_footer.html.erb (Duration: 0.0ms | GC: 0.0ms)
  Rendered /home/mego/.rbenv/versions/4.0.1/lib/ruby/gems/4.0.0/gems/avo-4.0.15/app/views/avo/partials/_all_alerts.html.erb (Duration: 0.7ms | GC: 0.0ms)
  Rendered /home/mego/.rbenv/versions/4.0.1/lib/ruby/gems/4.0.0/gems/avo-4.0.15/app/views/avo/partials/_alerts.html.erb (Duration: 0.8ms | GC: 0.0ms)
  Rendered /home/mego/.rbenv/versions/4.0.1/lib/ruby/gems/4.0.0/gems/avo-4.0.15/app/views/avo/partials/_scripts.html.erb (Duration: 0.0ms | GC: 0.0ms)
  Rendered /home/mego/.rbenv/versions/4.0.1/lib/ruby/gems/4.0.0/gems/avo-4.0.15/app/views/avo/partials/_confirm_dialog.html.erb (Duration: 0.3ms | GC: 0.0ms)
  Rendered layout /home/mego/.rbenv/versions/4.0.1/lib/ruby/gems/4.0.0/gems/avo-4.0.15/app/views/layouts/avo/application.html.erb (Duration: 49.4ms | GC: 0.0ms)
Completed 200 OK in 58ms (Views: 49.9ms | ActiveRecord: 0.3ms (2 queries, 0 cached) | GC: 0.0ms)


Started GET "/promotable/resources/users" for ::1 at 2026-07-22 13:35:05 +0300
Processing by Avo::UsersController#index as HTML
  Parameters: {"resource_name" => "users"}
  [1m[36mUser Count (0.1ms)[0m  [1m[34mSELECT COUNT(*) FROM "users" /*action='index',application='Dummy',controller='users'*/[0m
  [1m[36mUser Load (0.2ms)[0m  [1m[34mSELECT "users".* FROM "users" ORDER BY users.created_at desc LIMIT 24 OFFSET 0 /*action='index',application='Dummy',controller='users'*/[0m
  Rendering layout /home/mego/.rbenv/versions/4.0.1/lib/ruby/gems/4.0.0/gems/avo-4.0.15/app/views/layouts/avo/application.html.erb
  Rendering /home/mego/.rbenv/versions/4.0.1/lib/ruby/gems/4.0.0/gems/avo-4.0.15/app/views/avo/base/index.html.erb within layouts/avo/application
  Rendered /home/mego/.rbenv/versions/4.0.1/lib/ruby/gems/4.0.0/gems/avo-4.0.15/app/views/avo/base/index.html.erb within layouts/avo/application (Duration: 14.9ms | GC: 0.0ms)
  Rendered /home/mego/.rbenv/versions/4.0.1/lib/ruby/gems/4.0.0/gems/avo-4.0.15/app/views/avo/partials/_javascript.html.erb (Duration: 0.3ms | GC: 0.0ms)
  Rendered /home/mego/.rbenv/versions/4.0.1/lib/ruby/gems/4.0.0/gems/avo-4.0.15/app/views/avo/partials/_appearance.html.erb (Duration: 0.2ms | GC: 0.0ms)
  Rendered /home/mego/.rbenv/versions/4.0.1/lib/ruby/gems/4.0.0/gems/avo-4.0.15/app/views/avo/partials/_pre_head.html.erb (Duration: 0.0ms | GC: 0.0ms)
  Rendered /home/mego/.rbenv/versions/4.0.1/lib/ruby/gems/4.0.0/gems/avo-4.0.15/app/views/avo/partials/_head.html.erb (Duration: 0.0ms | GC: 0.0ms)
  Rendered /home/mego/.rbenv/versions/4.0.1/lib/ruby/gems/4.0.0/gems/avo-4.0.15/app/views/avo/partials/_color_theme_override.html.erb (Duration: 0.0ms | GC: 0.0ms)
  Rendered /home/mego/.rbenv/versions/4.0.1/lib/ruby/gems/4.0.0/gems/avo-4.0.15/app/views/avo/partials/_appearance_overrides.html.erb (Duration: 0.0ms | GC: 0.0ms)
  Rendered /home/mego/.rbenv/versions/4.0.1/lib/ruby/gems/4.0.0/gems/avo-4.0.15/app/views/avo/partials/_logo.html.erb (Duration: 0.3ms | GC: 0.0ms)
  Rendered /home/mego/.rbenv/versions/4.0.1/lib/ruby/gems/4.0.0/gems/avo-4.0.15/app/views/avo/partials/_header.html.erb (Duration: 3.7ms | GC: 0.6ms)
  Rendered /home/mego/.rbenv/versions/4.0.1/lib/ruby/gems/4.0.0/gems/avo-4.0.15/app/views/avo/partials/_switcher_inline.html.erb (Duration: 5.4ms | GC: 1.0ms)
  Rendered /home/mego/.rbenv/versions/4.0.1/lib/ruby/gems/4.0.0/gems/avo-4.0.15/app/views/avo/partials/_switcher_dropdown.html.erb (Duration: 3.1ms | GC: 0.0ms)
  Rendered /home/mego/.rbenv/versions/4.0.1/lib/ruby/gems/4.0.0/gems/avo-4.0.15/app/views/avo/partials/_color_scheme_switcher.html.erb (Duration: 9.1ms | GC: 1.0ms)
  Rendered /home/mego/.rbenv/versions/4.0.1/lib/ruby/gems/4.0.0/gems/avo-4.0.15/app/views/avo/partials/_navbar.html.erb (Duration: 14.5ms | GC: 1.7ms)
  Rendered /home/mego/.rbenv/versions/4.0.1/lib/ruby/gems/4.0.0/gems/avo-4.0.15/app/views/avo/partials/_sidebar_extra.html.erb (Duration: 0.0ms | GC: 0.0ms)
  Rendered /home/mego/.rbenv/versions/4.0.1/lib/ruby/gems/4.0.0/gems/avo-4.0.15/app/views/avo/partials/_profile_menu_extra.html.erb (Duration: 0.0ms | GC: 0.0ms)
  Rendered /home/mego/.rbenv/versions/4.0.1/lib/ruby/gems/4.0.0/gems/avo-4.0.15/app/views/avo/partials/_sidebar_extra.html.erb (Duration: 0.0ms | GC: 0.0ms)
  Rendered /home/mego/.rbenv/versions/4.0.1/lib/ruby/gems/4.0.0/gems/avo-4.0.15/app/views/avo/partials/_profile_menu_extra.html.erb (Duration: 0.1ms | GC: 0.0ms)
  Rendered /home/mego/.rbenv/versions/4.0.1/lib/ruby/gems/4.0.0/gems/avo-4.0.15/app/views/avo/partials/_custom_tools_alert.html.erb (Duration: 0.5ms | GC: 0.0ms)
  Rendered /home/mego/.rbenv/versions/4.0.1/lib/ruby/gems/4.0.0/gems/avo-4.0.15/app/views/avo/partials/_footer.html.erb (Duration: 0.0ms | GC: 0.0ms)
  Rendered /home/mego/.rbenv/versions/4.0.1/lib/ruby/gems/4.0.0/gems/avo-4.0.15/app/views/avo/partials/_all_alerts.html.erb (Duration: 0.8ms | GC: 0.0ms)
  Rendered /home/mego/.rbenv/versions/4.0.1/lib/ruby/gems/4.0.0/gems/avo-4.0.15/app/views/avo/partials/_alerts.html.erb (Duration: 1.0ms | GC: 0.0ms)
  Rendered /home/mego/.rbenv/versions/4.0.1/lib/ruby/gems/4.0.0/gems/avo-4.0.15/app/views/avo/partials/_scripts.html.erb (Duration: 0.0ms | GC: 0.0ms)
  Rendered /home/mego/.rbenv/versions/4.0.1/lib/ruby/gems/4.0.0/gems/avo-4.0.15/app/views/avo/partials/_confirm_dialog.html.erb (Duration: 0.4ms | GC: 0.0ms)
  Rendered layout /home/mego/.rbenv/versions/4.0.1/lib/ruby/gems/4.0.0/gems/avo-4.0.15/app/views/layouts/avo/application.html.erb (Duration: 65.7ms | GC: 10.1ms)
Completed 200 OK in 75ms (Views: 66.3ms | ActiveRecord: 0.3ms (2 queries, 0 cached) | GC: 10.1ms)


Started GET "/resources/promotions" for ::1 at 2026-07-22 13:35:09 +0300
Processing by Avo::PromotionsController#index as HTML
  Parameters: {"resource_name" => "promotions"}
Completed 500 Internal Server Error in 5ms (ActiveRecord: 0.0ms (0 queries, 0 cached) | GC: 0.8ms)


  
NoMethodError (undefined method 'column_names' for nil):
  
avo (4.0.15) lib/avo/resources/base.rb:737:in 'Avo::Resources::Base#sort_by_param'
avo (4.0.15) app/controllers/avo/base_controller.rb:354:in 'Avo::BaseController#set_sorting_params'
avo (4.0.15) app/controllers/avo/base_controller.rb:346:in 'Avo::BaseController#set_index_params'
avo (4.0.15) app/controllers/avo/base_controller.rb:35:in 'Avo::BaseController#index'
actionpack (8.1.3) lib/action_controller/metal/basic_implicit_render.rb:8:in 'ActionController::BasicImplicitRender#send_action'
actionpack (8.1.3) lib/abstract_controller/base.rb:221:in 'AbstractController::Base#process_action'
actionpack (8.1.3) lib/action_controller/metal/rendering.rb:199:in 'ActionController::Rendering#process_action'
actionpack (8.1.3) lib/abstract_controller/callbacks.rb:267:in 'block in AbstractController::Callbacks#process_action'
activesupport (8.1.3) lib/active_support/callbacks.rb:121:in 'block in ActiveSupport::Callbacks#run_callbacks'
i18n (1.15.2) lib/i18n.rb:383:in 'I18n::Base#with_locale'
avo (4.0.15) app/controllers/avo/base_application_controller.rb:272:in 'Avo::BaseApplicationController#set_avo_locale'
activesupport (8.1.3) lib/active_support/callbacks.rb:130:in 'block in ActiveSupport::Callbacks#run_callbacks'
turbo-rails (2.0.23) lib/turbo-rails.rb:24:in 'Turbo.with_request_id'
turbo-rails (2.0.23) app/controllers/concerns/turbo/request_id_tracking.rb:10:in 'Turbo::RequestIdTracking#turbo_tracking_request_id'
activesupport (8.1.3) lib/active_support/callbacks.rb:130:in 'block in ActiveSupport::Callbacks#run_callbacks'
activesupport (8.1.3) lib/active_support/callbacks.rb:141:in 'ActiveSupport::Callbacks#run_callbacks'
actionpack (8.1.3) lib/abstract_controller/callbacks.rb:266:in 'AbstractController::Callbacks#process_action'
actionpack (8.1.3) lib/action_controller/metal/rescue.rb:36:in 'ActionController::Rescue#process_action'
actionpack (8.1.3) lib/action_controller/metal/instrumentation.rb:76:in 'block in ActionController::Instrumentation#process_action'
activesupport (8.1.3) lib/active_support/notifications.rb:210:in 'block in ActiveSupport::Notifications.instrument'
activesupport (8.1.3) lib/active_support/notifications/instrumenter.rb:58:in 'ActiveSupport::Notifications::Instrumenter#instrument'
activesupport (8.1.3) lib/active_support/notifications.rb:210:in 'ActiveSupport::Notifications.instrument'
actionpack (8.1.3) lib/action_controller/metal/instrumentation.rb:75:in 'ActionController::Instrumentation#process_action'
actionpack (8.1.3) lib/action_controller/metal/params_wrapper.rb:259:in 'ActionController::ParamsWrapper#process_action'
activerecord (8.1.3) lib/active_record/railties/controller_runtime.rb:39:in 'ActiveRecord::Railties::ControllerRuntime#process_action'
actionpack (8.1.3) lib/abstract_controller/base.rb:154:in 'AbstractController::Base#process'
actionview (8.1.3) lib/action_view/rendering.rb:40:in 'ActionView::Rendering#process'
actionpack (8.1.3) lib/action_controller/metal.rb:252:in 'ActionController::Metal#dispatch'
actionpack (8.1.3) lib/action_controller/metal.rb:335:in 'ActionController::Metal.dispatch'
actionpack (8.1.3) lib/action_dispatch/routing/route_set.rb:65:in 'ActionDispatch::Routing::RouteSet::Dispatcher#dispatch'
actionpack (8.1.3) lib/action_dispatch/routing/route_set.rb:50:in 'ActionDispatch::Routing::RouteSet::Dispatcher#serve'
actionpack (8.1.3) lib/action_dispatch/journey/router.rb:35:in 'block in ActionDispatch::Journey::Router#serve'
actionpack (8.1.3) lib/action_dispatch/journey/router.rb:86:in 'block in ActionDispatch::Journey::Router#recognize'
actionpack (8.1.3) lib/action_dispatch/journey/router.rb:66:in 'Array#each'
actionpack (8.1.3) lib/action_dispatch/journey/router.rb:66:in 'ActionDispatch::Journey::Router#recognize'
actionpack (8.1.3) lib/action_dispatch/journey/router.rb:31:in 'ActionDispatch::Journey::Router#serve'
actionpack (8.1.3) lib/action_dispatch/routing/route_set.rb:906:in 'ActionDispatch::Routing::RouteSet#call'
railties (8.1.3) lib/rails/engine/lazy_route_set.rb:60:in 'Rails::Engine::LazyRouteSet#call'
railties (8.1.3) lib/rails/engine.rb:534:in 'Rails::Engine#call'
railties (8.1.3) lib/rails/railtie.rb:225:in 'Kernel#public_send'
railties (8.1.3) lib/rails/railtie.rb:225:in 'Rails::Railtie.method_missing'
actionpack (8.1.3) lib/action_dispatch/routing/mapper.rb:33:in 'block in <class:Constraints>'
actionpack (8.1.3) lib/action_dispatch/routing/mapper.rb:62:in 'ActionDispatch::Routing::Mapper::Constraints#serve'
actionpack (8.1.3) lib/action_dispatch/journey/router.rb:35:in 'block in ActionDispatch::Journey::Router#serve'
actionpack (8.1.3) lib/action_dispatch/journey/router.rb:92:in 'block in ActionDispatch::Journey::Router#recognize'
actionpack (8.1.3) lib/action_dispatch/journey/router.rb:66:in 'Array#each'
actionpack (8.1.3) lib/action_dispatch/journey/router.rb:66:in 'ActionDispatch::Journey::Router#recognize'
actionpack (8.1.3) lib/action_dispatch/journey/router.rb:31:in 'ActionDispatch::Journey::Router#serve'
actionpack (8.1.3) lib/action_dispatch/routing/route_set.rb:906:in 'ActionDispatch::Routing::RouteSet#call'
railties (8.1.3) lib/rails/engine/lazy_route_set.rb:60:in 'Rails::Engine::LazyRouteSet#call'
rack (3.2.6) lib/rack/tempfile_reaper.rb:20:in 'Rack::TempfileReaper#call'
rack (3.2.6) lib/rack/etag.rb:29:in 'Rack::ETag#call'
rack (3.2.6) lib/rack/conditional_get.rb:31:in 'Rack::ConditionalGet#call'
rack (3.2.6) lib/rack/head.rb:15:in 'Rack::Head#call'
actionpack (8.1.3) lib/action_dispatch/http/content_security_policy.rb:38:in 'ActionDispatch::ContentSecurityPolicy::Middleware#call'
rack-session (2.1.2) lib/rack/session/abstract/id.rb:274:in 'Rack::Session::Abstract::Persisted#context'
rack-session (2.1.2) lib/rack/session/abstract/id.rb:268:in 'Rack::Session::Abstract::Persisted#call'
actionpack (8.1.3) lib/action_dispatch/middleware/cookies.rb:708:in 'ActionDispatch::Cookies#call'
activerecord (8.1.3) lib/active_record/migration.rb:671:in 'ActiveRecord::Migration::CheckPending#call'
actionpack (8.1.3) lib/action_dispatch/middleware/callbacks.rb:31:in 'block in ActionDispatch::Callbacks#call'
activesupport (8.1.3) lib/active_support/callbacks.rb:101:in 'ActiveSupport::Callbacks#run_callbacks'
actionpack (8.1.3) lib/action_dispatch/middleware/callbacks.rb:30:in 'ActionDispatch::Callbacks#call'
actionpack (8.1.3) lib/action_dispatch/middleware/executor.rb:20:in 'ActionDispatch::Executor#call'
actionpack (8.1.3) lib/action_dispatch/middleware/actionable_exceptions.rb:18:in 'ActionDispatch::ActionableExceptions#call'
actionpack (8.1.3) lib/action_dispatch/middleware/debug_exceptions.rb:31:in 'ActionDispatch::DebugExceptions#call'
actionpack (8.1.3) lib/action_dispatch/middleware/show_exceptions.rb:32:in 'ActionDispatch::ShowExceptions#call'
railties (8.1.3) lib/rails/rack/logger.rb:41:in 'Rails::Rack::Logger#call_app'
railties (8.1.3) lib/rails/rack/logger.rb:29:in 'Rails::Rack::Logger#call'
propshaft (1.3.2) lib/propshaft/quiet_assets.rb:11:in 'Propshaft::QuietAssets#call'
actionpack (8.1.3) lib/action_dispatch/middleware/remote_ip.rb:98:in 'ActionDispatch::RemoteIp#call'
actionpack (8.1.3) lib/action_dispatch/middleware/request_id.rb:34:in 'ActionDispatch::RequestId#call'
rack (3.2.6) lib/rack/method_override.rb:28:in 'Rack::MethodOverride#call'
rack (3.2.6) lib/rack/runtime.rb:24:in 'Rack::Runtime#call'
activesupport (8.1.3) lib/active_support/cache/strategy/local_cache_middleware.rb:30:in 'ActiveSupport::Cache::Strategy::LocalCache::Middleware#call'
actionpack (8.1.3) lib/action_dispatch/middleware/server_timing.rb:61:in 'block in ActionDispatch::ServerTiming#call'
actionpack (8.1.3) lib/action_dispatch/middleware/server_timing.rb:26:in 'ActionDispatch::ServerTiming::Subscriber#collect_events'
actionpack (8.1.3) lib/action_dispatch/middleware/server_timing.rb:60:in 'ActionDispatch::ServerTiming#call'
actionpack (8.1.3) lib/action_dispatch/middleware/executor.rb:20:in 'ActionDispatch::Executor#call'
propshaft (1.3.2) lib/propshaft/server.rb:37:in 'Propshaft::Server#call'
actionpack (8.1.3) lib/action_dispatch/middleware/static.rb:27:in 'ActionDispatch::Static#call'
rack (3.2.6) lib/rack/sendfile.rb:131:in 'Rack::Sendfile#call'
actionpack (8.1.3) lib/action_dispatch/middleware/host_authorization.rb:143:in 'ActionDispatch::HostAuthorization#call'
railties (8.1.3) lib/rails/engine.rb:534:in 'Rails::Engine#call'
puma (8.0.2) lib/puma/configuration.rb:305:in 'Puma::Configuration::ConfigMiddleware#call'
puma (8.0.2) lib/puma/response.rb:79:in 'block in Puma::Response#handle_request'
puma (8.0.2) lib/puma/thread_pool.rb:434:in 'Puma::ThreadPool#with_force_shutdown'
puma (8.0.2) lib/puma/response.rb:78:in 'Puma::Response#handle_request'
puma (8.0.2) lib/puma/server.rb:508:in 'Puma::Server#process_client'
puma (8.0.2) lib/puma/server.rb:263:in 'block in Puma::Server#run'
puma (8.0.2) lib/puma/thread_pool.rb:246:in 'block in Puma::ThreadPool#spawn_thread'
Started GET "/resources/promotions" for ::1 at 2026-07-22 13:35:20 +0300
Processing by Avo::PromotionsController#index as HTML
  Parameters: {"resource_name" => "promotions"}
Completed 500 Internal Server Error in 9ms (ActiveRecord: 0.6ms (0 queries, 0 cached) | GC: 0.1ms)


  
ActiveRecord::StatementInvalid (Could not find table 'promotable_promotions'):
  
activerecord (8.1.3) lib/active_record/connection_adapters/sqlite3_adapter.rb:545:in 'ActiveRecord::ConnectionAdapters::SQLite3Adapter#table_structure'
activerecord (8.1.3) lib/active_record/connection_adapters/abstract/schema_statements.rb:110:in 'ActiveRecord::ConnectionAdapters::SchemaStatements#columns'
activerecord (8.1.3) lib/active_record/connection_adapters/schema_cache.rb:345:in 'block (2 levels) in ActiveRecord::ConnectionAdapters::SchemaCache#columns'
activerecord (8.1.3) lib/active_record/connection_adapters/abstract/connection_pool.rb:463:in 'ActiveRecord::ConnectionAdapters::ConnectionPool#with_connection'
activerecord (8.1.3) lib/active_record/connection_adapters/schema_cache.rb:344:in 'block in ActiveRecord::ConnectionAdapters::SchemaCache#columns'
activerecord (8.1.3) lib/active_record/connection_adapters/schema_cache.rb:343:in 'Hash#fetch'
activerecord (8.1.3) lib/active_record/connection_adapters/schema_cache.rb:343:in 'ActiveRecord::ConnectionAdapters::SchemaCache#columns'
activerecord (8.1.3) lib/active_record/connection_adapters/schema_cache.rb:354:in 'block in ActiveRecord::ConnectionAdapters::SchemaCache#columns_hash'
activerecord (8.1.3) lib/active_record/connection_adapters/schema_cache.rb:353:in 'Hash#fetch'
activerecord (8.1.3) lib/active_record/connection_adapters/schema_cache.rb:353:in 'ActiveRecord::ConnectionAdapters::SchemaCache#columns_hash'
activerecord (8.1.3) lib/active_record/connection_adapters/schema_cache.rb:54:in 'ActiveRecord::ConnectionAdapters::SchemaReflection#columns_hash'
activerecord (8.1.3) lib/active_record/connection_adapters/schema_cache.rb:198:in 'ActiveRecord::ConnectionAdapters::BoundSchemaReflection#columns_hash'
activerecord (8.1.3) lib/active_record/model_schema.rb:609:in 'ActiveRecord::ModelSchema::ClassMethods#load_schema!'
activerecord (8.1.3) lib/active_record/counter_cache.rb:212:in 'ActiveRecord::CounterCache::ClassMethods#load_schema!'
activerecord (8.1.3) lib/active_record/encryption/encryptable_record.rb:127:in 'ActiveRecord::Encryption::EncryptableRecord::ClassMethods#load_schema!'
activerecord (8.1.3) lib/active_record/model_schema.rb:555:in 'block in ActiveRecord::ModelSchema::ClassMethods#load_schema'
activerecord (8.1.3) lib/active_record/model_schema.rb:552:in 'Monitor#synchronize'
activerecord (8.1.3) lib/active_record/model_schema.rb:552:in 'ActiveRecord::ModelSchema::ClassMethods#load_schema'
activerecord (8.1.3) lib/active_record/model_schema.rb:444:in 'ActiveRecord::ModelSchema::ClassMethods#columns_hash'
activerecord (8.1.3) lib/active_record/model_schema.rb:449:in 'ActiveRecord::ModelSchema::ClassMethods#columns'
activerecord (8.1.3) lib/active_record/model_schema.rb:495:in 'ActiveRecord::ModelSchema::ClassMethods#column_names'
avo (4.0.15) lib/avo/resources/base.rb:737:in 'Avo::Resources::Base#sort_by_param'
avo (4.0.15) app/controllers/avo/base_controller.rb:354:in 'Avo::BaseController#set_sorting_params'
avo (4.0.15) app/controllers/avo/base_controller.rb:346:in 'Avo::BaseController#set_index_params'
avo (4.0.15) app/controllers/avo/base_controller.rb:35:in 'Avo::BaseController#index'
actionpack (8.1.3) lib/action_controller/metal/basic_implicit_render.rb:8:in 'ActionController::BasicImplicitRender#send_action'
actionpack (8.1.3) lib/abstract_controller/base.rb:221:in 'AbstractController::Base#process_action'
actionpack (8.1.3) lib/action_controller/metal/rendering.rb:199:in 'ActionController::Rendering#process_action'
actionpack (8.1.3) lib/abstract_controller/callbacks.rb:267:in 'block in AbstractController::Callbacks#process_action'
activesupport (8.1.3) lib/active_support/callbacks.rb:121:in 'block in ActiveSupport::Callbacks#run_callbacks'
i18n (1.15.2) lib/i18n.rb:383:in 'I18n::Base#with_locale'
avo (4.0.15) app/controllers/avo/base_application_controller.rb:272:in 'Avo::BaseApplicationController#set_avo_locale'
activesupport (8.1.3) lib/active_support/callbacks.rb:130:in 'block in ActiveSupport::Callbacks#run_callbacks'
turbo-rails (2.0.23) lib/turbo-rails.rb:24:in 'Turbo.with_request_id'
turbo-rails (2.0.23) app/controllers/concerns/turbo/request_id_tracking.rb:10:in 'Turbo::RequestIdTracking#turbo_tracking_request_id'
activesupport (8.1.3) lib/active_support/callbacks.rb:130:in 'block in ActiveSupport::Callbacks#run_callbacks'
activesupport (8.1.3) lib/active_support/callbacks.rb:141:in 'ActiveSupport::Callbacks#run_callbacks'
actionpack (8.1.3) lib/abstract_controller/callbacks.rb:266:in 'AbstractController::Callbacks#process_action'
actionpack (8.1.3) lib/action_controller/metal/rescue.rb:36:in 'ActionController::Rescue#process_action'
actionpack (8.1.3) lib/action_controller/metal/instrumentation.rb:76:in 'block in ActionController::Instrumentation#process_action'
activesupport (8.1.3) lib/active_support/notifications.rb:210:in 'block in ActiveSupport::Notifications.instrument'
activesupport (8.1.3) lib/active_support/notifications/instrumenter.rb:58:in 'ActiveSupport::Notifications::Instrumenter#instrument'
activesupport (8.1.3) lib/active_support/notifications.rb:210:in 'ActiveSupport::Notifications.instrument'
actionpack (8.1.3) lib/action_controller/metal/instrumentation.rb:75:in 'ActionController::Instrumentation#process_action'
actionpack (8.1.3) lib/action_controller/metal/params_wrapper.rb:259:in 'ActionController::ParamsWrapper#process_action'
activerecord (8.1.3) lib/active_record/railties/controller_runtime.rb:39:in 'ActiveRecord::Railties::ControllerRuntime#process_action'
actionpack (8.1.3) lib/abstract_controller/base.rb:154:in 'AbstractController::Base#process'
actionview (8.1.3) lib/action_view/rendering.rb:40:in 'ActionView::Rendering#process'
actionpack (8.1.3) lib/action_controller/metal.rb:252:in 'ActionController::Metal#dispatch'
actionpack (8.1.3) lib/action_controller/metal.rb:335:in 'ActionController::Metal.dispatch'
actionpack (8.1.3) lib/action_dispatch/routing/route_set.rb:65:in 'ActionDispatch::Routing::RouteSet::Dispatcher#dispatch'
actionpack (8.1.3) lib/action_dispatch/routing/route_set.rb:50:in 'ActionDispatch::Routing::RouteSet::Dispatcher#serve'
actionpack (8.1.3) lib/action_dispatch/journey/router.rb:35:in 'block in ActionDispatch::Journey::Router#serve'
actionpack (8.1.3) lib/action_dispatch/journey/router.rb:86:in 'block in ActionDispatch::Journey::Router#recognize'
actionpack (8.1.3) lib/action_dispatch/journey/router.rb:66:in 'Array#each'
actionpack (8.1.3) lib/action_dispatch/journey/router.rb:66:in 'ActionDispatch::Journey::Router#recognize'
actionpack (8.1.3) lib/action_dispatch/journey/router.rb:31:in 'ActionDispatch::Journey::Router#serve'
actionpack (8.1.3) lib/action_dispatch/routing/route_set.rb:906:in 'ActionDispatch::Routing::RouteSet#call'
railties (8.1.3) lib/rails/engine/lazy_route_set.rb:60:in 'Rails::Engine::LazyRouteSet#call'
railties (8.1.3) lib/rails/engine.rb:534:in 'Rails::Engine#call'
railties (8.1.3) lib/rails/railtie.rb:225:in 'Kernel#public_send'
railties (8.1.3) lib/rails/railtie.rb:225:in 'Rails::Railtie.method_missing'
actionpack (8.1.3) lib/action_dispatch/routing/mapper.rb:33:in 'block in <class:Constraints>'
actionpack (8.1.3) lib/action_dispatch/routing/mapper.rb:62:in 'ActionDispatch::Routing::Mapper::Constraints#serve'
actionpack (8.1.3) lib/action_dispatch/journey/router.rb:35:in 'block in ActionDispatch::Journey::Router#serve'
actionpack (8.1.3) lib/action_dispatch/journey/router.rb:92:in 'block in ActionDispatch::Journey::Router#recognize'
actionpack (8.1.3) lib/action_dispatch/journey/router.rb:66:in 'Array#each'
actionpack (8.1.3) lib/action_dispatch/journey/router.rb:66:in 'ActionDispatch::Journey::Router#recognize'
actionpack (8.1.3) lib/action_dispatch/journey/router.rb:31:in 'ActionDispatch::Journey::Router#serve'
actionpack (8.1.3) lib/action_dispatch/routing/route_set.rb:906:in 'ActionDispatch::Routing::RouteSet#call'
railties (8.1.3) lib/rails/engine/lazy_route_set.rb:60:in 'Rails::Engine::LazyRouteSet#call'
rack (3.2.6) lib/rack/tempfile_reaper.rb:20:in 'Rack::TempfileReaper#call'
rack (3.2.6) lib/rack/etag.rb:29:in 'Rack::ETag#call'
rack (3.2.6) lib/rack/conditional_get.rb:31:in 'Rack::ConditionalGet#call'
rack (3.2.6) lib/rack/head.rb:15:in 'Rack::Head#call'
actionpack (8.1.3) lib/action_dispatch/http/content_security_policy.rb:38:in 'ActionDispatch::ContentSecurityPolicy::Middleware#call'
rack-session (2.1.2) lib/rack/session/abstract/id.rb:274:in 'Rack::Session::Abstract::Persisted#context'
rack-session (2.1.2) lib/rack/session/abstract/id.rb:268:in 'Rack::Session::Abstract::Persisted#call'
actionpack (8.1.3) lib/action_dispatch/middleware/cookies.rb:708:in 'ActionDispatch::Cookies#call'
activerecord (8.1.3) lib/active_record/migration.rb:671:in 'ActiveRecord::Migration::CheckPending#call'
actionpack (8.1.3) lib/action_dispatch/middleware/callbacks.rb:31:in 'block in ActionDispatch::Callbacks#call'
activesupport (8.1.3) lib/active_support/callbacks.rb:101:in 'ActiveSupport::Callbacks#run_callbacks'
actionpack (8.1.3) lib/action_dispatch/middleware/callbacks.rb:30:in 'ActionDispatch::Callbacks#call'
actionpack (8.1.3) lib/action_dispatch/middleware/executor.rb:20:in 'ActionDispatch::Executor#call'
actionpack (8.1.3) lib/action_dispatch/middleware/actionable_exceptions.rb:18:in 'ActionDispatch::ActionableExceptions#call'
actionpack (8.1.3) lib/action_dispatch/middleware/debug_exceptions.rb:31:in 'ActionDispatch::DebugExceptions#call'
actionpack (8.1.3) lib/action_dispatch/middleware/show_exceptions.rb:32:in 'ActionDispatch::ShowExceptions#call'
railties (8.1.3) lib/rails/rack/logger.rb:41:in 'Rails::Rack::Logger#call_app'
railties (8.1.3) lib/rails/rack/logger.rb:29:in 'Rails::Rack::Logger#call'
propshaft (1.3.2) lib/propshaft/quiet_assets.rb:11:in 'Propshaft::QuietAssets#call'
actionpack (8.1.3) lib/action_dispatch/middleware/remote_ip.rb:98:in 'ActionDispatch::RemoteIp#call'
actionpack (8.1.3) lib/action_dispatch/middleware/request_id.rb:34:in 'ActionDispatch::RequestId#call'
rack (3.2.6) lib/rack/method_override.rb:28:in 'Rack::MethodOverride#call'
rack (3.2.6) lib/rack/runtime.rb:24:in 'Rack::Runtime#call'
activesupport (8.1.3) lib/active_support/cache/strategy/local_cache_middleware.rb:30:in 'ActiveSupport::Cache::Strategy::LocalCache::Middleware#call'
actionpack (8.1.3) lib/action_dispatch/middleware/server_timing.rb:61:in 'block in ActionDispatch::ServerTiming#call'
actionpack (8.1.3) lib/action_dispatch/middleware/server_timing.rb:26:in 'ActionDispatch::ServerTiming::Subscriber#collect_events'
actionpack (8.1.3) lib/action_dispatch/middleware/server_timing.rb:60:in 'ActionDispatch::ServerTiming#call'
actionpack (8.1.3) lib/action_dispatch/middleware/executor.rb:20:in 'ActionDispatch::Executor#call'
propshaft (1.3.2) lib/propshaft/server.rb:37:in 'Propshaft::Server#call'
actionpack (8.1.3) lib/action_dispatch/middleware/static.rb:27:in 'ActionDispatch::Static#call'
rack (3.2.6) lib/rack/sendfile.rb:131:in 'Rack::Sendfile#call'
actionpack (8.1.3) lib/action_dispatch/middleware/host_authorization.rb:143:in 'ActionDispatch::HostAuthorization#call'
railties (8.1.3) lib/rails/engine.rb:534:in 'Rails::Engine#call'
puma (8.0.2) lib/puma/configuration.rb:305:in 'Puma::Configuration::ConfigMiddleware#call'
puma (8.0.2) lib/puma/response.rb:79:in 'block in Puma::Response#handle_request'
puma (8.0.2) lib/puma/thread_pool.rb:434:in 'Puma::ThreadPool#with_force_shutdown'
puma (8.0.2) lib/puma/response.rb:78:in 'Puma::Response#handle_request'
puma (8.0.2) lib/puma/server.rb:508:in 'Puma::Server#process_client'
puma (8.0.2) lib/puma/server.rb:263:in 'block in Puma::Server#run'
puma (8.0.2) lib/puma/thread_pool.rb:246:in 'block in Puma::ThreadPool#spawn_thread'
Started GET "/resources/promotions" for ::1 at 2026-07-22 13:35:21 +0300
Processing by Avo::PromotionsController#index as HTML
  Parameters: {"resource_name" => "promotions"}
Completed 500 Internal Server Error in 4ms (ActiveRecord: 0.2ms (0 queries, 0 cached) | GC: 0.0ms)


  
ActiveRecord::StatementInvalid (Could not find table 'promotable_promotions'):
  
activerecord (8.1.3) lib/active_record/connection_adapters/sqlite3_adapter.rb:545:in 'ActiveRecord::ConnectionAdapters::SQLite3Adapter#table_structure'
activerecord (8.1.3) lib/active_record/connection_adapters/abstract/schema_statements.rb:110:in 'ActiveRecord::ConnectionAdapters::SchemaStatements#columns'
activerecord (8.1.3) lib/active_record/connection_adapters/schema_cache.rb:345:in 'block (2 levels) in ActiveRecord::ConnectionAdapters::SchemaCache#columns'
activerecord (8.1.3) lib/active_record/connection_adapters/abstract/connection_pool.rb:463:in 'ActiveRecord::ConnectionAdapters::ConnectionPool#with_connection'
activerecord (8.1.3) lib/active_record/connection_adapters/schema_cache.rb:344:in 'block in ActiveRecord::ConnectionAdapters::SchemaCache#columns'
activerecord (8.1.3) lib/active_record/connection_adapters/schema_cache.rb:343:in 'Hash#fetch'
activerecord (8.1.3) lib/active_record/connection_adapters/schema_cache.rb:343:in 'ActiveRecord::ConnectionAdapters::SchemaCache#columns'
activerecord (8.1.3) lib/active_record/connection_adapters/schema_cache.rb:354:in 'block in ActiveRecord::ConnectionAdapters::SchemaCache#columns_hash'
activerecord (8.1.3) lib/active_record/connection_adapters/schema_cache.rb:353:in 'Hash#fetch'
activerecord (8.1.3) lib/active_record/connection_adapters/schema_cache.rb:353:in 'ActiveRecord::ConnectionAdapters::SchemaCache#columns_hash'
activerecord (8.1.3) lib/active_record/connection_adapters/schema_cache.rb:54:in 'ActiveRecord::ConnectionAdapters::SchemaReflection#columns_hash'
activerecord (8.1.3) lib/active_record/connection_adapters/schema_cache.rb:198:in 'ActiveRecord::ConnectionAdapters::BoundSchemaReflection#columns_hash'
activerecord (8.1.3) lib/active_record/model_schema.rb:609:in 'ActiveRecord::ModelSchema::ClassMethods#load_schema!'
activerecord (8.1.3) lib/active_record/counter_cache.rb:212:in 'ActiveRecord::CounterCache::ClassMethods#load_schema!'
activerecord (8.1.3) lib/active_record/encryption/encryptable_record.rb:127:in 'ActiveRecord::Encryption::EncryptableRecord::ClassMethods#load_schema!'
activerecord (8.1.3) lib/active_record/model_schema.rb:555:in 'block in ActiveRecord::ModelSchema::ClassMethods#load_schema'
activerecord (8.1.3) lib/active_record/model_schema.rb:552:in 'Monitor#synchronize'
activerecord (8.1.3) lib/active_record/model_schema.rb:552:in 'ActiveRecord::ModelSchema::ClassMethods#load_schema'
activerecord (8.1.3) lib/active_record/model_schema.rb:444:in 'ActiveRecord::ModelSchema::ClassMethods#columns_hash'
activerecord (8.1.3) lib/active_record/model_schema.rb:449:in 'ActiveRecord::ModelSchema::ClassMethods#columns'
activerecord (8.1.3) lib/active_record/model_schema.rb:495:in 'ActiveRecord::ModelSchema::ClassMethods#column_names'
avo (4.0.15) lib/avo/resources/base.rb:737:in 'Avo::Resources::Base#sort_by_param'
avo (4.0.15) app/controllers/avo/base_controller.rb:354:in 'Avo::BaseController#set_sorting_params'
avo (4.0.15) app/controllers/avo/base_controller.rb:346:in 'Avo::BaseController#set_index_params'
avo (4.0.15) app/controllers/avo/base_controller.rb:35:in 'Avo::BaseController#index'
actionpack (8.1.3) lib/action_controller/metal/basic_implicit_render.rb:8:in 'ActionController::BasicImplicitRender#send_action'
actionpack (8.1.3) lib/abstract_controller/base.rb:221:in 'AbstractController::Base#process_action'
actionpack (8.1.3) lib/action_controller/metal/rendering.rb:199:in 'ActionController::Rendering#process_action'
actionpack (8.1.3) lib/abstract_controller/callbacks.rb:267:in 'block in AbstractController::Callbacks#process_action'
activesupport (8.1.3) lib/active_support/callbacks.rb:121:in 'block in ActiveSupport::Callbacks#run_callbacks'
i18n (1.15.2) lib/i18n.rb:383:in 'I18n::Base#with_locale'
avo (4.0.15) app/controllers/avo/base_application_controller.rb:272:in 'Avo::BaseApplicationController#set_avo_locale'
activesupport (8.1.3) lib/active_support/callbacks.rb:130:in 'block in ActiveSupport::Callbacks#run_callbacks'
turbo-rails (2.0.23) lib/turbo-rails.rb:24:in 'Turbo.with_request_id'
turbo-rails (2.0.23) app/controllers/concerns/turbo/request_id_tracking.rb:10:in 'Turbo::RequestIdTracking#turbo_tracking_request_id'
activesupport (8.1.3) lib/active_support/callbacks.rb:130:in 'block in ActiveSupport::Callbacks#run_callbacks'
activesupport (8.1.3) lib/active_support/callbacks.rb:141:in 'ActiveSupport::Callbacks#run_callbacks'
actionpack (8.1.3) lib/abstract_controller/callbacks.rb:266:in 'AbstractController::Callbacks#process_action'
actionpack (8.1.3) lib/action_controller/metal/rescue.rb:36:in 'ActionController::Rescue#process_action'
actionpack (8.1.3) lib/action_controller/metal/instrumentation.rb:76:in 'block in ActionController::Instrumentation#process_action'
activesupport (8.1.3) lib/active_support/notifications.rb:210:in 'block in ActiveSupport::Notifications.instrument'
activesupport (8.1.3) lib/active_support/notifications/instrumenter.rb:58:in 'ActiveSupport::Notifications::Instrumenter#instrument'
activesupport (8.1.3) lib/active_support/notifications.rb:210:in 'ActiveSupport::Notifications.instrument'
actionpack (8.1.3) lib/action_controller/metal/instrumentation.rb:75:in 'ActionController::Instrumentation#process_action'
actionpack (8.1.3) lib/action_controller/metal/params_wrapper.rb:259:in 'ActionController::ParamsWrapper#process_action'
activerecord (8.1.3) lib/active_record/railties/controller_runtime.rb:39:in 'ActiveRecord::Railties::ControllerRuntime#process_action'
actionpack (8.1.3) lib/abstract_controller/base.rb:154:in 'AbstractController::Base#process'
actionview (8.1.3) lib/action_view/rendering.rb:40:in 'ActionView::Rendering#process'
actionpack (8.1.3) lib/action_controller/metal.rb:252:in 'ActionController::Metal#dispatch'
actionpack (8.1.3) lib/action_controller/metal.rb:335:in 'ActionController::Metal.dispatch'
actionpack (8.1.3) lib/action_dispatch/routing/route_set.rb:65:in 'ActionDispatch::Routing::RouteSet::Dispatcher#dispatch'
actionpack (8.1.3) lib/action_dispatch/routing/route_set.rb:50:in 'ActionDispatch::Routing::RouteSet::Dispatcher#serve'
actionpack (8.1.3) lib/action_dispatch/journey/router.rb:35:in 'block in ActionDispatch::Journey::Router#serve'
actionpack (8.1.3) lib/action_dispatch/journey/router.rb:86:in 'block in ActionDispatch::Journey::Router#recognize'
actionpack (8.1.3) lib/action_dispatch/journey/router.rb:66:in 'Array#each'
actionpack (8.1.3) lib/action_dispatch/journey/router.rb:66:in 'ActionDispatch::Journey::Router#recognize'
actionpack (8.1.3) lib/action_dispatch/journey/router.rb:31:in 'ActionDispatch::Journey::Router#serve'
actionpack (8.1.3) lib/action_dispatch/routing/route_set.rb:906:in 'ActionDispatch::Routing::RouteSet#call'
railties (8.1.3) lib/rails/engine/lazy_route_set.rb:60:in 'Rails::Engine::LazyRouteSet#call'
railties (8.1.3) lib/rails/engine.rb:534:in 'Rails::Engine#call'
railties (8.1.3) lib/rails/railtie.rb:225:in 'Kernel#public_send'
railties (8.1.3) lib/rails/railtie.rb:225:in 'Rails::Railtie.method_missing'
actionpack (8.1.3) lib/action_dispatch/routing/mapper.rb:33:in 'block in <class:Constraints>'
actionpack (8.1.3) lib/action_dispatch/routing/mapper.rb:62:in 'ActionDispatch::Routing::Mapper::Constraints#serve'
actionpack (8.1.3) lib/action_dispatch/journey/router.rb:35:in 'block in ActionDispatch::Journey::Router#serve'
actionpack (8.1.3) lib/action_dispatch/journey/router.rb:92:in 'block in ActionDispatch::Journey::Router#recognize'
actionpack (8.1.3) lib/action_dispatch/journey/router.rb:66:in 'Array#each'
actionpack (8.1.3) lib/action_dispatch/journey/router.rb:66:in 'ActionDispatch::Journey::Router#recognize'
actionpack (8.1.3) lib/action_dispatch/journey/router.rb:31:in 'ActionDispatch::Journey::Router#serve'
actionpack (8.1.3) lib/action_dispatch/routing/route_set.rb:906:in 'ActionDispatch::Routing::RouteSet#call'
railties (8.1.3) lib/rails/engine/lazy_route_set.rb:60:in 'Rails::Engine::LazyRouteSet#call'
rack (3.2.6) lib/rack/tempfile_reaper.rb:20:in 'Rack::TempfileReaper#call'
rack (3.2.6) lib/rack/etag.rb:29:in 'Rack::ETag#call'
rack (3.2.6) lib/rack/conditional_get.rb:31:in 'Rack::ConditionalGet#call'
rack (3.2.6) lib/rack/head.rb:15:in 'Rack::Head#call'
actionpack (8.1.3) lib/action_dispatch/http/content_security_policy.rb:38:in 'ActionDispatch::ContentSecurityPolicy::Middleware#call'
rack-session (2.1.2) lib/rack/session/abstract/id.rb:274:in 'Rack::Session::Abstract::Persisted#context'
rack-session (2.1.2) lib/rack/session/abstract/id.rb:268:in 'Rack::Session::Abstract::Persisted#call'
actionpack (8.1.3) lib/action_dispatch/middleware/cookies.rb:708:in 'ActionDispatch::Cookies#call'
activerecord (8.1.3) lib/active_record/migration.rb:671:in 'ActiveRecord::Migration::CheckPending#call'
actionpack (8.1.3) lib/action_dispatch/middleware/callbacks.rb:31:in 'block in ActionDispatch::Callbacks#call'
activesupport (8.1.3) lib/active_support/callbacks.rb:101:in 'ActiveSupport::Callbacks#run_callbacks'
actionpack (8.1.3) lib/action_dispatch/middleware/callbacks.rb:30:in 'ActionDispatch::Callbacks#call'
actionpack (8.1.3) lib/action_dispatch/middleware/executor.rb:20:in 'ActionDispatch::Executor#call'
actionpack (8.1.3) lib/action_dispatch/middleware/actionable_exceptions.rb:18:in 'ActionDispatch::ActionableExceptions#call'
actionpack (8.1.3) lib/action_dispatch/middleware/debug_exceptions.rb:31:in 'ActionDispatch::DebugExceptions#call'
actionpack (8.1.3) lib/action_dispatch/middleware/show_exceptions.rb:32:in 'ActionDispatch::ShowExceptions#call'
railties (8.1.3) lib/rails/rack/logger.rb:41:in 'Rails::Rack::Logger#call_app'
railties (8.1.3) lib/rails/rack/logger.rb:29:in 'Rails::Rack::Logger#call'
propshaft (1.3.2) lib/propshaft/quiet_assets.rb:11:in 'Propshaft::QuietAssets#call'
actionpack (8.1.3) lib/action_dispatch/middleware/remote_ip.rb:98:in 'ActionDispatch::RemoteIp#call'
actionpack (8.1.3) lib/action_dispatch/middleware/request_id.rb:34:in 'ActionDispatch::RequestId#call'
rack (3.2.6) lib/rack/method_override.rb:28:in 'Rack::MethodOverride#call'
rack (3.2.6) lib/rack/runtime.rb:24:in 'Rack::Runtime#call'
activesupport (8.1.3) lib/active_support/cache/strategy/local_cache_middleware.rb:30:in 'ActiveSupport::Cache::Strategy::LocalCache::Middleware#call'
actionpack (8.1.3) lib/action_dispatch/middleware/server_timing.rb:61:in 'block in ActionDispatch::ServerTiming#call'
actionpack (8.1.3) lib/action_dispatch/middleware/server_timing.rb:26:in 'ActionDispatch::ServerTiming::Subscriber#collect_events'
actionpack (8.1.3) lib/action_dispatch/middleware/server_timing.rb:60:in 'ActionDispatch::ServerTiming#call'
actionpack (8.1.3) lib/action_dispatch/middleware/executor.rb:20:in 'ActionDispatch::Executor#call'
propshaft (1.3.2) lib/propshaft/server.rb:37:in 'Propshaft::Server#call'
actionpack (8.1.3) lib/action_dispatch/middleware/static.rb:27:in 'ActionDispatch::Static#call'
rack (3.2.6) lib/rack/sendfile.rb:131:in 'Rack::Sendfile#call'
actionpack (8.1.3) lib/action_dispatch/middleware/host_authorization.rb:143:in 'ActionDispatch::HostAuthorization#call'
railties (8.1.3) lib/rails/engine.rb:534:in 'Rails::Engine#call'
puma (8.0.2) lib/puma/configuration.rb:305:in 'Puma::Configuration::ConfigMiddleware#call'
puma (8.0.2) lib/puma/response.rb:79:in 'block in Puma::Response#handle_request'
puma (8.0.2) lib/puma/thread_pool.rb:434:in 'Puma::ThreadPool#with_force_shutdown'
puma (8.0.2) lib/puma/response.rb:78:in 'Puma::Response#handle_request'
puma (8.0.2) lib/puma/server.rb:508:in 'Puma::Server#process_client'
puma (8.0.2) lib/puma/server.rb:263:in 'block in Puma::Server#run'
puma (8.0.2) lib/puma/thread_pool.rb:246:in 'block in Puma::ThreadPool#spawn_thread'
Started GET "/resources/promotions" for ::1 at 2026-07-22 13:35:21 +0300
Processing by Avo::PromotionsController#index as HTML
  Parameters: {"resource_name" => "promotions"}
Completed 500 Internal Server Error in 6ms (ActiveRecord: 0.1ms (0 queries, 0 cached) | GC: 0.2ms)


  
ActiveRecord::StatementInvalid (Could not find table 'promotable_promotions'):
  
activerecord (8.1.3) lib/active_record/connection_adapters/sqlite3_adapter.rb:545:in 'ActiveRecord::ConnectionAdapters::SQLite3Adapter#table_structure'
activerecord (8.1.3) lib/active_record/connection_adapters/abstract/schema_statements.rb:110:in 'ActiveRecord::ConnectionAdapters::SchemaStatements#columns'
activerecord (8.1.3) lib/active_record/connection_adapters/schema_cache.rb:345:in 'block (2 levels) in ActiveRecord::ConnectionAdapters::SchemaCache#columns'
activerecord (8.1.3) lib/active_record/connection_adapters/abstract/connection_pool.rb:463:in 'ActiveRecord::ConnectionAdapters::ConnectionPool#with_connection'
activerecord (8.1.3) lib/active_record/connection_adapters/schema_cache.rb:344:in 'block in ActiveRecord::ConnectionAdapters::SchemaCache#columns'
activerecord (8.1.3) lib/active_record/connection_adapters/schema_cache.rb:343:in 'Hash#fetch'
activerecord (8.1.3) lib/active_record/connection_adapters/schema_cache.rb:343:in 'ActiveRecord::ConnectionAdapters::SchemaCache#columns'
activerecord (8.1.3) lib/active_record/connection_adapters/schema_cache.rb:354:in 'block in ActiveRecord::ConnectionAdapters::SchemaCache#columns_hash'
activerecord (8.1.3) lib/active_record/connection_adapters/schema_cache.rb:353:in 'Hash#fetch'
activerecord (8.1.3) lib/active_record/connection_adapters/schema_cache.rb:353:in 'ActiveRecord::ConnectionAdapters::SchemaCache#columns_hash'
activerecord (8.1.3) lib/active_record/connection_adapters/schema_cache.rb:54:in 'ActiveRecord::ConnectionAdapters::SchemaReflection#columns_hash'
activerecord (8.1.3) lib/active_record/connection_adapters/schema_cache.rb:198:in 'ActiveRecord::ConnectionAdapters::BoundSchemaReflection#columns_hash'
activerecord (8.1.3) lib/active_record/model_schema.rb:609:in 'ActiveRecord::ModelSchema::ClassMethods#load_schema!'
activerecord (8.1.3) lib/active_record/counter_cache.rb:212:in 'ActiveRecord::CounterCache::ClassMethods#load_schema!'
activerecord (8.1.3) lib/active_record/encryption/encryptable_record.rb:127:in 'ActiveRecord::Encryption::EncryptableRecord::ClassMethods#load_schema!'
activerecord (8.1.3) lib/active_record/model_schema.rb:555:in 'block in ActiveRecord::ModelSchema::ClassMethods#load_schema'
activerecord (8.1.3) lib/active_record/model_schema.rb:552:in 'Monitor#synchronize'
activerecord (8.1.3) lib/active_record/model_schema.rb:552:in 'ActiveRecord::ModelSchema::ClassMethods#load_schema'
activerecord (8.1.3) lib/active_record/model_schema.rb:444:in 'ActiveRecord::ModelSchema::ClassMethods#columns_hash'
activerecord (8.1.3) lib/active_record/model_schema.rb:449:in 'ActiveRecord::ModelSchema::ClassMethods#columns'
activerecord (8.1.3) lib/active_record/model_schema.rb:495:in 'ActiveRecord::ModelSchema::ClassMethods#column_names'
avo (4.0.15) lib/avo/resources/base.rb:737:in 'Avo::Resources::Base#sort_by_param'
avo (4.0.15) app/controllers/avo/base_controller.rb:354:in 'Avo::BaseController#set_sorting_params'
avo (4.0.15) app/controllers/avo/base_controller.rb:346:in 'Avo::BaseController#set_index_params'
avo (4.0.15) app/controllers/avo/base_controller.rb:35:in 'Avo::BaseController#index'
actionpack (8.1.3) lib/action_controller/metal/basic_implicit_render.rb:8:in 'ActionController::BasicImplicitRender#send_action'
actionpack (8.1.3) lib/abstract_controller/base.rb:221:in 'AbstractController::Base#process_action'
actionpack (8.1.3) lib/action_controller/metal/rendering.rb:199:in 'ActionController::Rendering#process_action'
actionpack (8.1.3) lib/abstract_controller/callbacks.rb:267:in 'block in AbstractController::Callbacks#process_action'
activesupport (8.1.3) lib/active_support/callbacks.rb:121:in 'block in ActiveSupport::Callbacks#run_callbacks'
i18n (1.15.2) lib/i18n.rb:383:in 'I18n::Base#with_locale'
avo (4.0.15) app/controllers/avo/base_application_controller.rb:272:in 'Avo::BaseApplicationController#set_avo_locale'
activesupport (8.1.3) lib/active_support/callbacks.rb:130:in 'block in ActiveSupport::Callbacks#run_callbacks'
turbo-rails (2.0.23) lib/turbo-rails.rb:24:in 'Turbo.with_request_id'
turbo-rails (2.0.23) app/controllers/concerns/turbo/request_id_tracking.rb:10:in 'Turbo::RequestIdTracking#turbo_tracking_request_id'
activesupport (8.1.3) lib/active_support/callbacks.rb:130:in 'block in ActiveSupport::Callbacks#run_callbacks'
activesupport (8.1.3) lib/active_support/callbacks.rb:141:in 'ActiveSupport::Callbacks#run_callbacks'
actionpack (8.1.3) lib/abstract_controller/callbacks.rb:266:in 'AbstractController::Callbacks#process_action'
actionpack (8.1.3) lib/action_controller/metal/rescue.rb:36:in 'ActionController::Rescue#process_action'
actionpack (8.1.3) lib/action_controller/metal/instrumentation.rb:76:in 'block in ActionController::Instrumentation#process_action'
activesupport (8.1.3) lib/active_support/notifications.rb:210:in 'block in ActiveSupport::Notifications.instrument'
activesupport (8.1.3) lib/active_support/notifications/instrumenter.rb:58:in 'ActiveSupport::Notifications::Instrumenter#instrument'
activesupport (8.1.3) lib/active_support/notifications.rb:210:in 'ActiveSupport::Notifications.instrument'
actionpack (8.1.3) lib/action_controller/metal/instrumentation.rb:75:in 'ActionController::Instrumentation#process_action'
actionpack (8.1.3) lib/action_controller/metal/params_wrapper.rb:259:in 'ActionController::ParamsWrapper#process_action'
activerecord (8.1.3) lib/active_record/railties/controller_runtime.rb:39:in 'ActiveRecord::Railties::ControllerRuntime#process_action'
actionpack (8.1.3) lib/abstract_controller/base.rb:154:in 'AbstractController::Base#process'
actionview (8.1.3) lib/action_view/rendering.rb:40:in 'ActionView::Rendering#process'
actionpack (8.1.3) lib/action_controller/metal.rb:252:in 'ActionController::Metal#dispatch'
actionpack (8.1.3) lib/action_controller/metal.rb:335:in 'ActionController::Metal.dispatch'
actionpack (8.1.3) lib/action_dispatch/routing/route_set.rb:65:in 'ActionDispatch::Routing::RouteSet::Dispatcher#dispatch'
actionpack (8.1.3) lib/action_dispatch/routing/route_set.rb:50:in 'ActionDispatch::Routing::RouteSet::Dispatcher#serve'
actionpack (8.1.3) lib/action_dispatch/journey/router.rb:35:in 'block in ActionDispatch::Journey::Router#serve'
actionpack (8.1.3) lib/action_dispatch/journey/router.rb:86:in 'block in ActionDispatch::Journey::Router#recognize'
actionpack (8.1.3) lib/action_dispatch/journey/router.rb:66:in 'Array#each'
actionpack (8.1.3) lib/action_dispatch/journey/router.rb:66:in 'ActionDispatch::Journey::Router#recognize'
actionpack (8.1.3) lib/action_dispatch/journey/router.rb:31:in 'ActionDispatch::Journey::Router#serve'
actionpack (8.1.3) lib/action_dispatch/routing/route_set.rb:906:in 'ActionDispatch::Routing::RouteSet#call'
railties (8.1.3) lib/rails/engine/lazy_route_set.rb:60:in 'Rails::Engine::LazyRouteSet#call'
railties (8.1.3) lib/rails/engine.rb:534:in 'Rails::Engine#call'
railties (8.1.3) lib/rails/railtie.rb:225:in 'Kernel#public_send'
railties (8.1.3) lib/rails/railtie.rb:225:in 'Rails::Railtie.method_missing'
actionpack (8.1.3) lib/action_dispatch/routing/mapper.rb:33:in 'block in <class:Constraints>'
actionpack (8.1.3) lib/action_dispatch/routing/mapper.rb:62:in 'ActionDispatch::Routing::Mapper::Constraints#serve'
actionpack (8.1.3) lib/action_dispatch/journey/router.rb:35:in 'block in ActionDispatch::Journey::Router#serve'
actionpack (8.1.3) lib/action_dispatch/journey/router.rb:92:in 'block in ActionDispatch::Journey::Router#recognize'
actionpack (8.1.3) lib/action_dispatch/journey/router.rb:66:in 'Array#each'
actionpack (8.1.3) lib/action_dispatch/journey/router.rb:66:in 'ActionDispatch::Journey::Router#recognize'
actionpack (8.1.3) lib/action_dispatch/journey/router.rb:31:in 'ActionDispatch::Journey::Router#serve'
actionpack (8.1.3) lib/action_dispatch/routing/route_set.rb:906:in 'ActionDispatch::Routing::RouteSet#call'
railties (8.1.3) lib/rails/engine/lazy_route_set.rb:60:in 'Rails::Engine::LazyRouteSet#call'
rack (3.2.6) lib/rack/tempfile_reaper.rb:20:in 'Rack::TempfileReaper#call'
rack (3.2.6) lib/rack/etag.rb:29:in 'Rack::ETag#call'
rack (3.2.6) lib/rack/conditional_get.rb:31:in 'Rack::ConditionalGet#call'
rack (3.2.6) lib/rack/head.rb:15:in 'Rack::Head#call'
actionpack (8.1.3) lib/action_dispatch/http/content_security_policy.rb:38:in 'ActionDispatch::ContentSecurityPolicy::Middleware#call'
rack-session (2.1.2) lib/rack/session/abstract/id.rb:274:in 'Rack::Session::Abstract::Persisted#context'
rack-session (2.1.2) lib/rack/session/abstract/id.rb:268:in 'Rack::Session::Abstract::Persisted#call'
actionpack (8.1.3) lib/action_dispatch/middleware/cookies.rb:708:in 'ActionDispatch::Cookies#call'
activerecord (8.1.3) lib/active_record/migration.rb:671:in 'ActiveRecord::Migration::CheckPending#call'
actionpack (8.1.3) lib/action_dispatch/middleware/callbacks.rb:31:in 'block in ActionDispatch::Callbacks#call'
activesupport (8.1.3) lib/active_support/callbacks.rb:101:in 'ActiveSupport::Callbacks#run_callbacks'
actionpack (8.1.3) lib/action_dispatch/middleware/callbacks.rb:30:in 'ActionDispatch::Callbacks#call'
actionpack (8.1.3) lib/action_dispatch/middleware/executor.rb:20:in 'ActionDispatch::Executor#call'
actionpack (8.1.3) lib/action_dispatch/middleware/actionable_exceptions.rb:18:in 'ActionDispatch::ActionableExceptions#call'
actionpack (8.1.3) lib/action_dispatch/middleware/debug_exceptions.rb:31:in 'ActionDispatch::DebugExceptions#call'
actionpack (8.1.3) lib/action_dispatch/middleware/show_exceptions.rb:32:in 'ActionDispatch::ShowExceptions#call'
railties (8.1.3) lib/rails/rack/logger.rb:41:in 'Rails::Rack::Logger#call_app'
railties (8.1.3) lib/rails/rack/logger.rb:29:in 'Rails::Rack::Logger#call'
propshaft (1.3.2) lib/propshaft/quiet_assets.rb:11:in 'Propshaft::QuietAssets#call'
actionpack (8.1.3) lib/action_dispatch/middleware/remote_ip.rb:98:in 'ActionDispatch::RemoteIp#call'
actionpack (8.1.3) lib/action_dispatch/middleware/request_id.rb:34:in 'ActionDispatch::RequestId#call'
rack (3.2.6) lib/rack/method_override.rb:28:in 'Rack::MethodOverride#call'
rack (3.2.6) lib/rack/runtime.rb:24:in 'Rack::Runtime#call'
activesupport (8.1.3) lib/active_support/cache/strategy/local_cache_middleware.rb:30:in 'ActiveSupport::Cache::Strategy::LocalCache::Middleware#call'
actionpack (8.1.3) lib/action_dispatch/middleware/server_timing.rb:61:in 'block in ActionDispatch::ServerTiming#call'
actionpack (8.1.3) lib/action_dispatch/middleware/server_timing.rb:26:in 'ActionDispatch::ServerTiming::Subscriber#collect_events'
actionpack (8.1.3) lib/action_dispatch/middleware/server_timing.rb:60:in 'ActionDispatch::ServerTiming#call'
actionpack (8.1.3) lib/action_dispatch/middleware/executor.rb:20:in 'ActionDispatch::Executor#call'
propshaft (1.3.2) lib/propshaft/server.rb:37:in 'Propshaft::Server#call'
actionpack (8.1.3) lib/action_dispatch/middleware/static.rb:27:in 'ActionDispatch::Static#call'
rack (3.2.6) lib/rack/sendfile.rb:131:in 'Rack::Sendfile#call'
actionpack (8.1.3) lib/action_dispatch/middleware/host_authorization.rb:143:in 'ActionDispatch::HostAuthorization#call'
railties (8.1.3) lib/rails/engine.rb:534:in 'Rails::Engine#call'
puma (8.0.2) lib/puma/configuration.rb:305:in 'Puma::Configuration::ConfigMiddleware#call'
puma (8.0.2) lib/puma/response.rb:79:in 'block in Puma::Response#handle_request'
puma (8.0.2) lib/puma/thread_pool.rb:434:in 'Puma::ThreadPool#with_force_shutdown'
puma (8.0.2) lib/puma/response.rb:78:in 'Puma::Response#handle_request'
puma (8.0.2) lib/puma/server.rb:508:in 'Puma::Server#process_client'
puma (8.0.2) lib/puma/server.rb:263:in 'block in Puma::Server#run'
puma (8.0.2) lib/puma/thread_pool.rb:246:in 'block in Puma::ThreadPool#spawn_thread'
Started GET "/resources/promotions" for ::1 at 2026-07-22 13:35:21 +0300
Processing by Avo::PromotionsController#index as HTML
  Parameters: {"resource_name" => "promotions"}
Completed 500 Internal Server Error in 5ms (ActiveRecord: 0.1ms (0 queries, 0 cached) | GC: 0.2ms)


  
ActiveRecord::StatementInvalid (Could not find table 'promotable_promotions'):
  
activerecord (8.1.3) lib/active_record/connection_adapters/sqlite3_adapter.rb:545:in 'ActiveRecord::ConnectionAdapters::SQLite3Adapter#table_structure'
activerecord (8.1.3) lib/active_record/connection_adapters/abstract/schema_statements.rb:110:in 'ActiveRecord::ConnectionAdapters::SchemaStatements#columns'
activerecord (8.1.3) lib/active_record/connection_adapters/schema_cache.rb:345:in 'block (2 levels) in ActiveRecord::ConnectionAdapters::SchemaCache#columns'
activerecord (8.1.3) lib/active_record/connection_adapters/abstract/connection_pool.rb:463:in 'ActiveRecord::ConnectionAdapters::ConnectionPool#with_connection'
activerecord (8.1.3) lib/active_record/connection_adapters/schema_cache.rb:344:in 'block in ActiveRecord::ConnectionAdapters::SchemaCache#columns'
activerecord (8.1.3) lib/active_record/connection_adapters/schema_cache.rb:343:in 'Hash#fetch'
activerecord (8.1.3) lib/active_record/connection_adapters/schema_cache.rb:343:in 'ActiveRecord::ConnectionAdapters::SchemaCache#columns'
activerecord (8.1.3) lib/active_record/connection_adapters/schema_cache.rb:354:in 'block in ActiveRecord::ConnectionAdapters::SchemaCache#columns_hash'
activerecord (8.1.3) lib/active_record/connection_adapters/schema_cache.rb:353:in 'Hash#fetch'
activerecord (8.1.3) lib/active_record/connection_adapters/schema_cache.rb:353:in 'ActiveRecord::ConnectionAdapters::SchemaCache#columns_hash'
activerecord (8.1.3) lib/active_record/connection_adapters/schema_cache.rb:54:in 'ActiveRecord::ConnectionAdapters::SchemaReflection#columns_hash'
activerecord (8.1.3) lib/active_record/connection_adapters/schema_cache.rb:198:in 'ActiveRecord::ConnectionAdapters::BoundSchemaReflection#columns_hash'
activerecord (8.1.3) lib/active_record/model_schema.rb:609:in 'ActiveRecord::ModelSchema::ClassMethods#load_schema!'
activerecord (8.1.3) lib/active_record/counter_cache.rb:212:in 'ActiveRecord::CounterCache::ClassMethods#load_schema!'
activerecord (8.1.3) lib/active_record/encryption/encryptable_record.rb:127:in 'ActiveRecord::Encryption::EncryptableRecord::ClassMethods#load_schema!'
activerecord (8.1.3) lib/active_record/model_schema.rb:555:in 'block in ActiveRecord::ModelSchema::ClassMethods#load_schema'
activerecord (8.1.3) lib/active_record/model_schema.rb:552:in 'Monitor#synchronize'
activerecord (8.1.3) lib/active_record/model_schema.rb:552:in 'ActiveRecord::ModelSchema::ClassMethods#load_schema'
activerecord (8.1.3) lib/active_record/model_schema.rb:444:in 'ActiveRecord::ModelSchema::ClassMethods#columns_hash'
activerecord (8.1.3) lib/active_record/model_schema.rb:449:in 'ActiveRecord::ModelSchema::ClassMethods#columns'
activerecord (8.1.3) lib/active_record/model_schema.rb:495:in 'ActiveRecord::ModelSchema::ClassMethods#column_names'
avo (4.0.15) lib/avo/resources/base.rb:737:in 'Avo::Resources::Base#sort_by_param'
avo (4.0.15) app/controllers/avo/base_controller.rb:354:in 'Avo::BaseController#set_sorting_params'
avo (4.0.15) app/controllers/avo/base_controller.rb:346:in 'Avo::BaseController#set_index_params'
avo (4.0.15) app/controllers/avo/base_controller.rb:35:in 'Avo::BaseController#index'
actionpack (8.1.3) lib/action_controller/metal/basic_implicit_render.rb:8:in 'ActionController::BasicImplicitRender#send_action'
actionpack (8.1.3) lib/abstract_controller/base.rb:221:in 'AbstractController::Base#process_action'
actionpack (8.1.3) lib/action_controller/metal/rendering.rb:199:in 'ActionController::Rendering#process_action'
actionpack (8.1.3) lib/abstract_controller/callbacks.rb:267:in 'block in AbstractController::Callbacks#process_action'
activesupport (8.1.3) lib/active_support/callbacks.rb:121:in 'block in ActiveSupport::Callbacks#run_callbacks'
i18n (1.15.2) lib/i18n.rb:383:in 'I18n::Base#with_locale'
avo (4.0.15) app/controllers/avo/base_application_controller.rb:272:in 'Avo::BaseApplicationController#set_avo_locale'
activesupport (8.1.3) lib/active_support/callbacks.rb:130:in 'block in ActiveSupport::Callbacks#run_callbacks'
turbo-rails (2.0.23) lib/turbo-rails.rb:24:in 'Turbo.with_request_id'
turbo-rails (2.0.23) app/controllers/concerns/turbo/request_id_tracking.rb:10:in 'Turbo::RequestIdTracking#turbo_tracking_request_id'
activesupport (8.1.3) lib/active_support/callbacks.rb:130:in 'block in ActiveSupport::Callbacks#run_callbacks'
activesupport (8.1.3) lib/active_support/callbacks.rb:141:in 'ActiveSupport::Callbacks#run_callbacks'
actionpack (8.1.3) lib/abstract_controller/callbacks.rb:266:in 'AbstractController::Callbacks#process_action'
actionpack (8.1.3) lib/action_controller/metal/rescue.rb:36:in 'ActionController::Rescue#process_action'
actionpack (8.1.3) lib/action_controller/metal/instrumentation.rb:76:in 'block in ActionController::Instrumentation#process_action'
activesupport (8.1.3) lib/active_support/notifications.rb:210:in 'block in ActiveSupport::Notifications.instrument'
activesupport (8.1.3) lib/active_support/notifications/instrumenter.rb:58:in 'ActiveSupport::Notifications::Instrumenter#instrument'
activesupport (8.1.3) lib/active_support/notifications.rb:210:in 'ActiveSupport::Notifications.instrument'
actionpack (8.1.3) lib/action_controller/metal/instrumentation.rb:75:in 'ActionController::Instrumentation#process_action'
actionpack (8.1.3) lib/action_controller/metal/params_wrapper.rb:259:in 'ActionController::ParamsWrapper#process_action'
activerecord (8.1.3) lib/active_record/railties/controller_runtime.rb:39:in 'ActiveRecord::Railties::ControllerRuntime#process_action'
actionpack (8.1.3) lib/abstract_controller/base.rb:154:in 'AbstractController::Base#process'
actionview (8.1.3) lib/action_view/rendering.rb:40:in 'ActionView::Rendering#process'
actionpack (8.1.3) lib/action_controller/metal.rb:252:in 'ActionController::Metal#dispatch'
actionpack (8.1.3) lib/action_controller/metal.rb:335:in 'ActionController::Metal.dispatch'
actionpack (8.1.3) lib/action_dispatch/routing/route_set.rb:65:in 'ActionDispatch::Routing::RouteSet::Dispatcher#dispatch'
actionpack (8.1.3) lib/action_dispatch/routing/route_set.rb:50:in 'ActionDispatch::Routing::RouteSet::Dispatcher#serve'
actionpack (8.1.3) lib/action_dispatch/journey/router.rb:35:in 'block in ActionDispatch::Journey::Router#serve'
actionpack (8.1.3) lib/action_dispatch/journey/router.rb:86:in 'block in ActionDispatch::Journey::Router#recognize'
actionpack (8.1.3) lib/action_dispatch/journey/router.rb:66:in 'Array#each'
actionpack (8.1.3) lib/action_dispatch/journey/router.rb:66:in 'ActionDispatch::Journey::Router#recognize'
actionpack (8.1.3) lib/action_dispatch/journey/router.rb:31:in 'ActionDispatch::Journey::Router#serve'
actionpack (8.1.3) lib/action_dispatch/routing/route_set.rb:906:in 'ActionDispatch::Routing::RouteSet#call'
railties (8.1.3) lib/rails/engine/lazy_route_set.rb:60:in 'Rails::Engine::LazyRouteSet#call'
railties (8.1.3) lib/rails/engine.rb:534:in 'Rails::Engine#call'
railties (8.1.3) lib/rails/railtie.rb:225:in 'Kernel#public_send'
railties (8.1.3) lib/rails/railtie.rb:225:in 'Rails::Railtie.method_missing'
actionpack (8.1.3) lib/action_dispatch/routing/mapper.rb:33:in 'block in <class:Constraints>'
actionpack (8.1.3) lib/action_dispatch/routing/mapper.rb:62:in 'ActionDispatch::Routing::Mapper::Constraints#serve'
actionpack (8.1.3) lib/action_dispatch/journey/router.rb:35:in 'block in ActionDispatch::Journey::Router#serve'
actionpack (8.1.3) lib/action_dispatch/journey/router.rb:92:in 'block in ActionDispatch::Journey::Router#recognize'
actionpack (8.1.3) lib/action_dispatch/journey/router.rb:66:in 'Array#each'
actionpack (8.1.3) lib/action_dispatch/journey/router.rb:66:in 'ActionDispatch::Journey::Router#recognize'
actionpack (8.1.3) lib/action_dispatch/journey/router.rb:31:in 'ActionDispatch::Journey::Router#serve'
actionpack (8.1.3) lib/action_dispatch/routing/route_set.rb:906:in 'ActionDispatch::Routing::RouteSet#call'
railties (8.1.3) lib/rails/engine/lazy_route_set.rb:60:in 'Rails::Engine::LazyRouteSet#call'
rack (3.2.6) lib/rack/tempfile_reaper.rb:20:in 'Rack::TempfileReaper#call'
rack (3.2.6) lib/rack/etag.rb:29:in 'Rack::ETag#call'
rack (3.2.6) lib/rack/conditional_get.rb:31:in 'Rack::ConditionalGet#call'
rack (3.2.6) lib/rack/head.rb:15:in 'Rack::Head#call'
actionpack (8.1.3) lib/action_dispatch/http/content_security_policy.rb:38:in 'ActionDispatch::ContentSecurityPolicy::Middleware#call'
rack-session (2.1.2) lib/rack/session/abstract/id.rb:274:in 'Rack::Session::Abstract::Persisted#context'
rack-session (2.1.2) lib/rack/session/abstract/id.rb:268:in 'Rack::Session::Abstract::Persisted#call'
actionpack (8.1.3) lib/action_dispatch/middleware/cookies.rb:708:in 'ActionDispatch::Cookies#call'
activerecord (8.1.3) lib/active_record/migration.rb:671:in 'ActiveRecord::Migration::CheckPending#call'
actionpack (8.1.3) lib/action_dispatch/middleware/callbacks.rb:31:in 'block in ActionDispatch::Callbacks#call'
activesupport (8.1.3) lib/active_support/callbacks.rb:101:in 'ActiveSupport::Callbacks#run_callbacks'
actionpack (8.1.3) lib/action_dispatch/middleware/callbacks.rb:30:in 'ActionDispatch::Callbacks#call'
actionpack (8.1.3) lib/action_dispatch/middleware/executor.rb:20:in 'ActionDispatch::Executor#call'
actionpack (8.1.3) lib/action_dispatch/middleware/actionable_exceptions.rb:18:in 'ActionDispatch::ActionableExceptions#call'
actionpack (8.1.3) lib/action_dispatch/middleware/debug_exceptions.rb:31:in 'ActionDispatch::DebugExceptions#call'
actionpack (8.1.3) lib/action_dispatch/middleware/show_exceptions.rb:32:in 'ActionDispatch::ShowExceptions#call'
railties (8.1.3) lib/rails/rack/logger.rb:41:in 'Rails::Rack::Logger#call_app'
railties (8.1.3) lib/rails/rack/logger.rb:29:in 'Rails::Rack::Logger#call'
propshaft (1.3.2) lib/propshaft/quiet_assets.rb:11:in 'Propshaft::QuietAssets#call'
actionpack (8.1.3) lib/action_dispatch/middleware/remote_ip.rb:98:in 'ActionDispatch::RemoteIp#call'
actionpack (8.1.3) lib/action_dispatch/middleware/request_id.rb:34:in 'ActionDispatch::RequestId#call'
rack (3.2.6) lib/rack/method_override.rb:28:in 'Rack::MethodOverride#call'
rack (3.2.6) lib/rack/runtime.rb:24:in 'Rack::Runtime#call'
activesupport (8.1.3) lib/active_support/cache/strategy/local_cache_middleware.rb:30:in 'ActiveSupport::Cache::Strategy::LocalCache::Middleware#call'
actionpack (8.1.3) lib/action_dispatch/middleware/server_timing.rb:61:in 'block in ActionDispatch::ServerTiming#call'
actionpack (8.1.3) lib/action_dispatch/middleware/server_timing.rb:26:in 'ActionDispatch::ServerTiming::Subscriber#collect_events'
actionpack (8.1.3) lib/action_dispatch/middleware/server_timing.rb:60:in 'ActionDispatch::ServerTiming#call'
actionpack (8.1.3) lib/action_dispatch/middleware/executor.rb:20:in 'ActionDispatch::Executor#call'
propshaft (1.3.2) lib/propshaft/server.rb:37:in 'Propshaft::Server#call'
actionpack (8.1.3) lib/action_dispatch/middleware/static.rb:27:in 'ActionDispatch::Static#call'
rack (3.2.6) lib/rack/sendfile.rb:131:in 'Rack::Sendfile#call'
actionpack (8.1.3) lib/action_dispatch/middleware/host_authorization.rb:143:in 'ActionDispatch::HostAuthorization#call'
railties (8.1.3) lib/rails/engine.rb:534:in 'Rails::Engine#call'
puma (8.0.2) lib/puma/configuration.rb:305:in 'Puma::Configuration::ConfigMiddleware#call'
puma (8.0.2) lib/puma/response.rb:79:in 'block in Puma::Response#handle_request'
puma (8.0.2) lib/puma/thread_pool.rb:434:in 'Puma::ThreadPool#with_force_shutdown'
puma (8.0.2) lib/puma/response.rb:78:in 'Puma::Response#handle_request'
puma (8.0.2) lib/puma/server.rb:508:in 'Puma::Server#process_client'
puma (8.0.2) lib/puma/server.rb:263:in 'block in Puma::Server#run'
puma (8.0.2) lib/puma/thread_pool.rb:246:in 'block in Puma::ThreadPool#spawn_thread'
Started GET "/resources/promotions" for ::1 at 2026-07-22 13:36:06 +0300
Processing by Avo::PromotionsController#index as HTML
  Parameters: {"resource_name" => "promotions"}
Completed 500 Internal Server Error in 9ms (ActiveRecord: 0.6ms (0 queries, 0 cached) | GC: 0.1ms)


  
ActiveRecord::StatementInvalid (Could not find table 'promotable_promotions'):
  
activerecord (8.1.3) lib/active_record/connection_adapters/sqlite3_adapter.rb:545:in 'ActiveRecord::ConnectionAdapters::SQLite3Adapter#table_structure'
activerecord (8.1.3) lib/active_record/connection_adapters/abstract/schema_statements.rb:110:in 'ActiveRecord::ConnectionAdapters::SchemaStatements#columns'
activerecord (8.1.3) lib/active_record/connection_adapters/schema_cache.rb:345:in 'block (2 levels) in ActiveRecord::ConnectionAdapters::SchemaCache#columns'
activerecord (8.1.3) lib/active_record/connection_adapters/abstract/connection_pool.rb:463:in 'ActiveRecord::ConnectionAdapters::ConnectionPool#with_connection'
activerecord (8.1.3) lib/active_record/connection_adapters/schema_cache.rb:344:in 'block in ActiveRecord::ConnectionAdapters::SchemaCache#columns'
activerecord (8.1.3) lib/active_record/connection_adapters/schema_cache.rb:343:in 'Hash#fetch'
activerecord (8.1.3) lib/active_record/connection_adapters/schema_cache.rb:343:in 'ActiveRecord::ConnectionAdapters::SchemaCache#columns'
activerecord (8.1.3) lib/active_record/connection_adapters/schema_cache.rb:354:in 'block in ActiveRecord::ConnectionAdapters::SchemaCache#columns_hash'
activerecord (8.1.3) lib/active_record/connection_adapters/schema_cache.rb:353:in 'Hash#fetch'
activerecord (8.1.3) lib/active_record/connection_adapters/schema_cache.rb:353:in 'ActiveRecord::ConnectionAdapters::SchemaCache#columns_hash'
activerecord (8.1.3) lib/active_record/connection_adapters/schema_cache.rb:54:in 'ActiveRecord::ConnectionAdapters::SchemaReflection#columns_hash'
activerecord (8.1.3) lib/active_record/connection_adapters/schema_cache.rb:198:in 'ActiveRecord::ConnectionAdapters::BoundSchemaReflection#columns_hash'
activerecord (8.1.3) lib/active_record/model_schema.rb:609:in 'ActiveRecord::ModelSchema::ClassMethods#load_schema!'
activerecord (8.1.3) lib/active_record/counter_cache.rb:212:in 'ActiveRecord::CounterCache::ClassMethods#load_schema!'
activerecord (8.1.3) lib/active_record/encryption/encryptable_record.rb:127:in 'ActiveRecord::Encryption::EncryptableRecord::ClassMethods#load_schema!'
activerecord (8.1.3) lib/active_record/model_schema.rb:555:in 'block in ActiveRecord::ModelSchema::ClassMethods#load_schema'
activerecord (8.1.3) lib/active_record/model_schema.rb:552:in 'Monitor#synchronize'
activerecord (8.1.3) lib/active_record/model_schema.rb:552:in 'ActiveRecord::ModelSchema::ClassMethods#load_schema'
activerecord (8.1.3) lib/active_record/model_schema.rb:444:in 'ActiveRecord::ModelSchema::ClassMethods#columns_hash'
activerecord (8.1.3) lib/active_record/model_schema.rb:449:in 'ActiveRecord::ModelSchema::ClassMethods#columns'
activerecord (8.1.3) lib/active_record/model_schema.rb:495:in 'ActiveRecord::ModelSchema::ClassMethods#column_names'
avo (4.0.15) lib/avo/resources/base.rb:737:in 'Avo::Resources::Base#sort_by_param'
avo (4.0.15) app/controllers/avo/base_controller.rb:354:in 'Avo::BaseController#set_sorting_params'
avo (4.0.15) app/controllers/avo/base_controller.rb:346:in 'Avo::BaseController#set_index_params'
avo (4.0.15) app/controllers/avo/base_controller.rb:35:in 'Avo::BaseController#index'
actionpack (8.1.3) lib/action_controller/metal/basic_implicit_render.rb:8:in 'ActionController::BasicImplicitRender#send_action'
actionpack (8.1.3) lib/abstract_controller/base.rb:221:in 'AbstractController::Base#process_action'
actionpack (8.1.3) lib/action_controller/metal/rendering.rb:199:in 'ActionController::Rendering#process_action'
actionpack (8.1.3) lib/abstract_controller/callbacks.rb:267:in 'block in AbstractController::Callbacks#process_action'
activesupport (8.1.3) lib/active_support/callbacks.rb:121:in 'block in ActiveSupport::Callbacks#run_callbacks'
i18n (1.15.2) lib/i18n.rb:383:in 'I18n::Base#with_locale'
avo (4.0.15) app/controllers/avo/base_application_controller.rb:272:in 'Avo::BaseApplicationController#set_avo_locale'
activesupport (8.1.3) lib/active_support/callbacks.rb:130:in 'block in ActiveSupport::Callbacks#run_callbacks'
turbo-rails (2.0.23) lib/turbo-rails.rb:24:in 'Turbo.with_request_id'
turbo-rails (2.0.23) app/controllers/concerns/turbo/request_id_tracking.rb:10:in 'Turbo::RequestIdTracking#turbo_tracking_request_id'
activesupport (8.1.3) lib/active_support/callbacks.rb:130:in 'block in ActiveSupport::Callbacks#run_callbacks'
activesupport (8.1.3) lib/active_support/callbacks.rb:141:in 'ActiveSupport::Callbacks#run_callbacks'
actionpack (8.1.3) lib/abstract_controller/callbacks.rb:266:in 'AbstractController::Callbacks#process_action'
actionpack (8.1.3) lib/action_controller/metal/rescue.rb:36:in 'ActionController::Rescue#process_action'
actionpack (8.1.3) lib/action_controller/metal/instrumentation.rb:76:in 'block in ActionController::Instrumentation#process_action'
activesupport (8.1.3) lib/active_support/notifications.rb:210:in 'block in ActiveSupport::Notifications.instrument'
activesupport (8.1.3) lib/active_support/notifications/instrumenter.rb:58:in 'ActiveSupport::Notifications::Instrumenter#instrument'
activesupport (8.1.3) lib/active_support/notifications.rb:210:in 'ActiveSupport::Notifications.instrument'
actionpack (8.1.3) lib/action_controller/metal/instrumentation.rb:75:in 'ActionController::Instrumentation#process_action'
actionpack (8.1.3) lib/action_controller/metal/params_wrapper.rb:259:in 'ActionController::ParamsWrapper#process_action'
activerecord (8.1.3) lib/active_record/railties/controller_runtime.rb:39:in 'ActiveRecord::Railties::ControllerRuntime#process_action'
actionpack (8.1.3) lib/abstract_controller/base.rb:154:in 'AbstractController::Base#process'
actionview (8.1.3) lib/action_view/rendering.rb:40:in 'ActionView::Rendering#process'
actionpack (8.1.3) lib/action_controller/metal.rb:252:in 'ActionController::Metal#dispatch'
actionpack (8.1.3) lib/action_controller/metal.rb:335:in 'ActionController::Metal.dispatch'
actionpack (8.1.3) lib/action_dispatch/routing/route_set.rb:65:in 'ActionDispatch::Routing::RouteSet::Dispatcher#dispatch'
actionpack (8.1.3) lib/action_dispatch/routing/route_set.rb:50:in 'ActionDispatch::Routing::RouteSet::Dispatcher#serve'
actionpack (8.1.3) lib/action_dispatch/journey/router.rb:35:in 'block in ActionDispatch::Journey::Router#serve'
actionpack (8.1.3) lib/action_dispatch/journey/router.rb:86:in 'block in ActionDispatch::Journey::Router#recognize'
actionpack (8.1.3) lib/action_dispatch/journey/router.rb:66:in 'Array#each'
actionpack (8.1.3) lib/action_dispatch/journey/router.rb:66:in 'ActionDispatch::Journey::Router#recognize'
actionpack (8.1.3) lib/action_dispatch/journey/router.rb:31:in 'ActionDispatch::Journey::Router#serve'
actionpack (8.1.3) lib/action_dispatch/routing/route_set.rb:906:in 'ActionDispatch::Routing::RouteSet#call'
railties (8.1.3) lib/rails/engine/lazy_route_set.rb:60:in 'Rails::Engine::LazyRouteSet#call'
railties (8.1.3) lib/rails/engine.rb:534:in 'Rails::Engine#call'
railties (8.1.3) lib/rails/railtie.rb:225:in 'Kernel#public_send'
railties (8.1.3) lib/rails/railtie.rb:225:in 'Rails::Railtie.method_missing'
actionpack (8.1.3) lib/action_dispatch/routing/mapper.rb:33:in 'block in <class:Constraints>'
actionpack (8.1.3) lib/action_dispatch/routing/mapper.rb:62:in 'ActionDispatch::Routing::Mapper::Constraints#serve'
actionpack (8.1.3) lib/action_dispatch/journey/router.rb:35:in 'block in ActionDispatch::Journey::Router#serve'
actionpack (8.1.3) lib/action_dispatch/journey/router.rb:92:in 'block in ActionDispatch::Journey::Router#recognize'
actionpack (8.1.3) lib/action_dispatch/journey/router.rb:66:in 'Array#each'
actionpack (8.1.3) lib/action_dispatch/journey/router.rb:66:in 'ActionDispatch::Journey::Router#recognize'
actionpack (8.1.3) lib/action_dispatch/journey/router.rb:31:in 'ActionDispatch::Journey::Router#serve'
actionpack (8.1.3) lib/action_dispatch/routing/route_set.rb:906:in 'ActionDispatch::Routing::RouteSet#call'
railties (8.1.3) lib/rails/engine/lazy_route_set.rb:60:in 'Rails::Engine::LazyRouteSet#call'
rack (3.2.6) lib/rack/tempfile_reaper.rb:20:in 'Rack::TempfileReaper#call'
rack (3.2.6) lib/rack/etag.rb:29:in 'Rack::ETag#call'
rack (3.2.6) lib/rack/conditional_get.rb:31:in 'Rack::ConditionalGet#call'
rack (3.2.6) lib/rack/head.rb:15:in 'Rack::Head#call'
actionpack (8.1.3) lib/action_dispatch/http/content_security_policy.rb:38:in 'ActionDispatch::ContentSecurityPolicy::Middleware#call'
rack-session (2.1.2) lib/rack/session/abstract/id.rb:274:in 'Rack::Session::Abstract::Persisted#context'
rack-session (2.1.2) lib/rack/session/abstract/id.rb:268:in 'Rack::Session::Abstract::Persisted#call'
actionpack (8.1.3) lib/action_dispatch/middleware/cookies.rb:708:in 'ActionDispatch::Cookies#call'
activerecord (8.1.3) lib/active_record/migration.rb:671:in 'ActiveRecord::Migration::CheckPending#call'
actionpack (8.1.3) lib/action_dispatch/middleware/callbacks.rb:31:in 'block in ActionDispatch::Callbacks#call'
activesupport (8.1.3) lib/active_support/callbacks.rb:101:in 'ActiveSupport::Callbacks#run_callbacks'
actionpack (8.1.3) lib/action_dispatch/middleware/callbacks.rb:30:in 'ActionDispatch::Callbacks#call'
actionpack (8.1.3) lib/action_dispatch/middleware/executor.rb:20:in 'ActionDispatch::Executor#call'
actionpack (8.1.3) lib/action_dispatch/middleware/actionable_exceptions.rb:18:in 'ActionDispatch::ActionableExceptions#call'
actionpack (8.1.3) lib/action_dispatch/middleware/debug_exceptions.rb:31:in 'ActionDispatch::DebugExceptions#call'
actionpack (8.1.3) lib/action_dispatch/middleware/show_exceptions.rb:32:in 'ActionDispatch::ShowExceptions#call'
railties (8.1.3) lib/rails/rack/logger.rb:41:in 'Rails::Rack::Logger#call_app'
railties (8.1.3) lib/rails/rack/logger.rb:29:in 'Rails::Rack::Logger#call'
propshaft (1.3.2) lib/propshaft/quiet_assets.rb:11:in 'Propshaft::QuietAssets#call'
actionpack (8.1.3) lib/action_dispatch/middleware/remote_ip.rb:98:in 'ActionDispatch::RemoteIp#call'
actionpack (8.1.3) lib/action_dispatch/middleware/request_id.rb:34:in 'ActionDispatch::RequestId#call'
rack (3.2.6) lib/rack/method_override.rb:28:in 'Rack::MethodOverride#call'
rack (3.2.6) lib/rack/runtime.rb:24:in 'Rack::Runtime#call'
activesupport (8.1.3) lib/active_support/cache/strategy/local_cache_middleware.rb:30:in 'ActiveSupport::Cache::Strategy::LocalCache::Middleware#call'
actionpack (8.1.3) lib/action_dispatch/middleware/server_timing.rb:61:in 'block in ActionDispatch::ServerTiming#call'
actionpack (8.1.3) lib/action_dispatch/middleware/server_timing.rb:26:in 'ActionDispatch::ServerTiming::Subscriber#collect_events'
actionpack (8.1.3) lib/action_dispatch/middleware/server_timing.rb:60:in 'ActionDispatch::ServerTiming#call'
actionpack (8.1.3) lib/action_dispatch/middleware/executor.rb:20:in 'ActionDispatch::Executor#call'
propshaft (1.3.2) lib/propshaft/server.rb:37:in 'Propshaft::Server#call'
actionpack (8.1.3) lib/action_dispatch/middleware/static.rb:27:in 'ActionDispatch::Static#call'
rack (3.2.6) lib/rack/sendfile.rb:131:in 'Rack::Sendfile#call'
actionpack (8.1.3) lib/action_dispatch/middleware/host_authorization.rb:143:in 'ActionDispatch::HostAuthorization#call'
railties (8.1.3) lib/rails/engine.rb:534:in 'Rails::Engine#call'
puma (8.0.2) lib/puma/configuration.rb:305:in 'Puma::Configuration::ConfigMiddleware#call'
puma (8.0.2) lib/puma/response.rb:79:in 'block in Puma::Response#handle_request'
puma (8.0.2) lib/puma/thread_pool.rb:434:in 'Puma::ThreadPool#with_force_shutdown'
puma (8.0.2) lib/puma/response.rb:78:in 'Puma::Response#handle_request'
puma (8.0.2) lib/puma/server.rb:508:in 'Puma::Server#process_client'
puma (8.0.2) lib/puma/server.rb:263:in 'block in Puma::Server#run'
puma (8.0.2) lib/puma/thread_pool.rb:246:in 'block in Puma::ThreadPool#spawn_thread'
Started GET "/resources/promotions" for ::1 at 2026-07-22 13:36:07 +0300
Processing by Avo::PromotionsController#index as HTML
  Parameters: {"resource_name" => "promotions"}
Completed 500 Internal Server Error in 4ms (ActiveRecord: 0.1ms (0 queries, 0 cached) | GC: 0.0ms)


  
ActiveRecord::StatementInvalid (Could not find table 'promotable_promotions'):
  
activerecord (8.1.3) lib/active_record/connection_adapters/sqlite3_adapter.rb:545:in 'ActiveRecord::ConnectionAdapters::SQLite3Adapter#table_structure'
activerecord (8.1.3) lib/active_record/connection_adapters/abstract/schema_statements.rb:110:in 'ActiveRecord::ConnectionAdapters::SchemaStatements#columns'
activerecord (8.1.3) lib/active_record/connection_adapters/schema_cache.rb:345:in 'block (2 levels) in ActiveRecord::ConnectionAdapters::SchemaCache#columns'
activerecord (8.1.3) lib/active_record/connection_adapters/abstract/connection_pool.rb:463:in 'ActiveRecord::ConnectionAdapters::ConnectionPool#with_connection'
activerecord (8.1.3) lib/active_record/connection_adapters/schema_cache.rb:344:in 'block in ActiveRecord::ConnectionAdapters::SchemaCache#columns'
activerecord (8.1.3) lib/active_record/connection_adapters/schema_cache.rb:343:in 'Hash#fetch'
activerecord (8.1.3) lib/active_record/connection_adapters/schema_cache.rb:343:in 'ActiveRecord::ConnectionAdapters::SchemaCache#columns'
activerecord (8.1.3) lib/active_record/connection_adapters/schema_cache.rb:354:in 'block in ActiveRecord::ConnectionAdapters::SchemaCache#columns_hash'
activerecord (8.1.3) lib/active_record/connection_adapters/schema_cache.rb:353:in 'Hash#fetch'
activerecord (8.1.3) lib/active_record/connection_adapters/schema_cache.rb:353:in 'ActiveRecord::ConnectionAdapters::SchemaCache#columns_hash'
activerecord (8.1.3) lib/active_record/connection_adapters/schema_cache.rb:54:in 'ActiveRecord::ConnectionAdapters::SchemaReflection#columns_hash'
activerecord (8.1.3) lib/active_record/connection_adapters/schema_cache.rb:198:in 'ActiveRecord::ConnectionAdapters::BoundSchemaReflection#columns_hash'
activerecord (8.1.3) lib/active_record/model_schema.rb:609:in 'ActiveRecord::ModelSchema::ClassMethods#load_schema!'
activerecord (8.1.3) lib/active_record/counter_cache.rb:212:in 'ActiveRecord::CounterCache::ClassMethods#load_schema!'
activerecord (8.1.3) lib/active_record/encryption/encryptable_record.rb:127:in 'ActiveRecord::Encryption::EncryptableRecord::ClassMethods#load_schema!'
activerecord (8.1.3) lib/active_record/model_schema.rb:555:in 'block in ActiveRecord::ModelSchema::ClassMethods#load_schema'
activerecord (8.1.3) lib/active_record/model_schema.rb:552:in 'Monitor#synchronize'
activerecord (8.1.3) lib/active_record/model_schema.rb:552:in 'ActiveRecord::ModelSchema::ClassMethods#load_schema'
activerecord (8.1.3) lib/active_record/model_schema.rb:444:in 'ActiveRecord::ModelSchema::ClassMethods#columns_hash'
activerecord (8.1.3) lib/active_record/model_schema.rb:449:in 'ActiveRecord::ModelSchema::ClassMethods#columns'
activerecord (8.1.3) lib/active_record/model_schema.rb:495:in 'ActiveRecord::ModelSchema::ClassMethods#column_names'
avo (4.0.15) lib/avo/resources/base.rb:737:in 'Avo::Resources::Base#sort_by_param'
avo (4.0.15) app/controllers/avo/base_controller.rb:354:in 'Avo::BaseController#set_sorting_params'
avo (4.0.15) app/controllers/avo/base_controller.rb:346:in 'Avo::BaseController#set_index_params'
avo (4.0.15) app/controllers/avo/base_controller.rb:35:in 'Avo::BaseController#index'
actionpack (8.1.3) lib/action_controller/metal/basic_implicit_render.rb:8:in 'ActionController::BasicImplicitRender#send_action'
actionpack (8.1.3) lib/abstract_controller/base.rb:221:in 'AbstractController::Base#process_action'
actionpack (8.1.3) lib/action_controller/metal/rendering.rb:199:in 'ActionController::Rendering#process_action'
actionpack (8.1.3) lib/abstract_controller/callbacks.rb:267:in 'block in AbstractController::Callbacks#process_action'
activesupport (8.1.3) lib/active_support/callbacks.rb:121:in 'block in ActiveSupport::Callbacks#run_callbacks'
i18n (1.15.2) lib/i18n.rb:383:in 'I18n::Base#with_locale'
avo (4.0.15) app/controllers/avo/base_application_controller.rb:272:in 'Avo::BaseApplicationController#set_avo_locale'
activesupport (8.1.3) lib/active_support/callbacks.rb:130:in 'block in ActiveSupport::Callbacks#run_callbacks'
turbo-rails (2.0.23) lib/turbo-rails.rb:24:in 'Turbo.with_request_id'
turbo-rails (2.0.23) app/controllers/concerns/turbo/request_id_tracking.rb:10:in 'Turbo::RequestIdTracking#turbo_tracking_request_id'
activesupport (8.1.3) lib/active_support/callbacks.rb:130:in 'block in ActiveSupport::Callbacks#run_callbacks'
activesupport (8.1.3) lib/active_support/callbacks.rb:141:in 'ActiveSupport::Callbacks#run_callbacks'
actionpack (8.1.3) lib/abstract_controller/callbacks.rb:266:in 'AbstractController::Callbacks#process_action'
actionpack (8.1.3) lib/action_controller/metal/rescue.rb:36:in 'ActionController::Rescue#process_action'
actionpack (8.1.3) lib/action_controller/metal/instrumentation.rb:76:in 'block in ActionController::Instrumentation#process_action'
activesupport (8.1.3) lib/active_support/notifications.rb:210:in 'block in ActiveSupport::Notifications.instrument'
activesupport (8.1.3) lib/active_support/notifications/instrumenter.rb:58:in 'ActiveSupport::Notifications::Instrumenter#instrument'
activesupport (8.1.3) lib/active_support/notifications.rb:210:in 'ActiveSupport::Notifications.instrument'
actionpack (8.1.3) lib/action_controller/metal/instrumentation.rb:75:in 'ActionController::Instrumentation#process_action'
actionpack (8.1.3) lib/action_controller/metal/params_wrapper.rb:259:in 'ActionController::ParamsWrapper#process_action'
activerecord (8.1.3) lib/active_record/railties/controller_runtime.rb:39:in 'ActiveRecord::Railties::ControllerRuntime#process_action'
actionpack (8.1.3) lib/abstract_controller/base.rb:154:in 'AbstractController::Base#process'
actionview (8.1.3) lib/action_view/rendering.rb:40:in 'ActionView::Rendering#process'
actionpack (8.1.3) lib/action_controller/metal.rb:252:in 'ActionController::Metal#dispatch'
actionpack (8.1.3) lib/action_controller/metal.rb:335:in 'ActionController::Metal.dispatch'
actionpack (8.1.3) lib/action_dispatch/routing/route_set.rb:65:in 'ActionDispatch::Routing::RouteSet::Dispatcher#dispatch'
actionpack (8.1.3) lib/action_dispatch/routing/route_set.rb:50:in 'ActionDispatch::Routing::RouteSet::Dispatcher#serve'
actionpack (8.1.3) lib/action_dispatch/journey/router.rb:35:in 'block in ActionDispatch::Journey::Router#serve'
actionpack (8.1.3) lib/action_dispatch/journey/router.rb:86:in 'block in ActionDispatch::Journey::Router#recognize'
actionpack (8.1.3) lib/action_dispatch/journey/router.rb:66:in 'Array#each'
actionpack (8.1.3) lib/action_dispatch/journey/router.rb:66:in 'ActionDispatch::Journey::Router#recognize'
actionpack (8.1.3) lib/action_dispatch/journey/router.rb:31:in 'ActionDispatch::Journey::Router#serve'
actionpack (8.1.3) lib/action_dispatch/routing/route_set.rb:906:in 'ActionDispatch::Routing::RouteSet#call'
railties (8.1.3) lib/rails/engine/lazy_route_set.rb:60:in 'Rails::Engine::LazyRouteSet#call'
railties (8.1.3) lib/rails/engine.rb:534:in 'Rails::Engine#call'
railties (8.1.3) lib/rails/railtie.rb:225:in 'Kernel#public_send'
railties (8.1.3) lib/rails/railtie.rb:225:in 'Rails::Railtie.method_missing'
actionpack (8.1.3) lib/action_dispatch/routing/mapper.rb:33:in 'block in <class:Constraints>'
actionpack (8.1.3) lib/action_dispatch/routing/mapper.rb:62:in 'ActionDispatch::Routing::Mapper::Constraints#serve'
actionpack (8.1.3) lib/action_dispatch/journey/router.rb:35:in 'block in ActionDispatch::Journey::Router#serve'
actionpack (8.1.3) lib/action_dispatch/journey/router.rb:92:in 'block in ActionDispatch::Journey::Router#recognize'
actionpack (8.1.3) lib/action_dispatch/journey/router.rb:66:in 'Array#each'
actionpack (8.1.3) lib/action_dispatch/journey/router.rb:66:in 'ActionDispatch::Journey::Router#recognize'
actionpack (8.1.3) lib/action_dispatch/journey/router.rb:31:in 'ActionDispatch::Journey::Router#serve'
actionpack (8.1.3) lib/action_dispatch/routing/route_set.rb:906:in 'ActionDispatch::Routing::RouteSet#call'
railties (8.1.3) lib/rails/engine/lazy_route_set.rb:60:in 'Rails::Engine::LazyRouteSet#call'
rack (3.2.6) lib/rack/tempfile_reaper.rb:20:in 'Rack::TempfileReaper#call'
rack (3.2.6) lib/rack/etag.rb:29:in 'Rack::ETag#call'
rack (3.2.6) lib/rack/conditional_get.rb:31:in 'Rack::ConditionalGet#call'
rack (3.2.6) lib/rack/head.rb:15:in 'Rack::Head#call'
actionpack (8.1.3) lib/action_dispatch/http/content_security_policy.rb:38:in 'ActionDispatch::ContentSecurityPolicy::Middleware#call'
rack-session (2.1.2) lib/rack/session/abstract/id.rb:274:in 'Rack::Session::Abstract::Persisted#context'
rack-session (2.1.2) lib/rack/session/abstract/id.rb:268:in 'Rack::Session::Abstract::Persisted#call'
actionpack (8.1.3) lib/action_dispatch/middleware/cookies.rb:708:in 'ActionDispatch::Cookies#call'
activerecord (8.1.3) lib/active_record/migration.rb:671:in 'ActiveRecord::Migration::CheckPending#call'
actionpack (8.1.3) lib/action_dispatch/middleware/callbacks.rb:31:in 'block in ActionDispatch::Callbacks#call'
activesupport (8.1.3) lib/active_support/callbacks.rb:101:in 'ActiveSupport::Callbacks#run_callbacks'
actionpack (8.1.3) lib/action_dispatch/middleware/callbacks.rb:30:in 'ActionDispatch::Callbacks#call'
actionpack (8.1.3) lib/action_dispatch/middleware/executor.rb:20:in 'ActionDispatch::Executor#call'
actionpack (8.1.3) lib/action_dispatch/middleware/actionable_exceptions.rb:18:in 'ActionDispatch::ActionableExceptions#call'
actionpack (8.1.3) lib/action_dispatch/middleware/debug_exceptions.rb:31:in 'ActionDispatch::DebugExceptions#call'
actionpack (8.1.3) lib/action_dispatch/middleware/show_exceptions.rb:32:in 'ActionDispatch::ShowExceptions#call'
railties (8.1.3) lib/rails/rack/logger.rb:41:in 'Rails::Rack::Logger#call_app'
railties (8.1.3) lib/rails/rack/logger.rb:29:in 'Rails::Rack::Logger#call'
propshaft (1.3.2) lib/propshaft/quiet_assets.rb:11:in 'Propshaft::QuietAssets#call'
actionpack (8.1.3) lib/action_dispatch/middleware/remote_ip.rb:98:in 'ActionDispatch::RemoteIp#call'
actionpack (8.1.3) lib/action_dispatch/middleware/request_id.rb:34:in 'ActionDispatch::RequestId#call'
rack (3.2.6) lib/rack/method_override.rb:28:in 'Rack::MethodOverride#call'
rack (3.2.6) lib/rack/runtime.rb:24:in 'Rack::Runtime#call'
activesupport (8.1.3) lib/active_support/cache/strategy/local_cache_middleware.rb:30:in 'ActiveSupport::Cache::Strategy::LocalCache::Middleware#call'
actionpack (8.1.3) lib/action_dispatch/middleware/server_timing.rb:61:in 'block in ActionDispatch::ServerTiming#call'
actionpack (8.1.3) lib/action_dispatch/middleware/server_timing.rb:26:in 'ActionDispatch::ServerTiming::Subscriber#collect_events'
actionpack (8.1.3) lib/action_dispatch/middleware/server_timing.rb:60:in 'ActionDispatch::ServerTiming#call'
actionpack (8.1.3) lib/action_dispatch/middleware/executor.rb:20:in 'ActionDispatch::Executor#call'
propshaft (1.3.2) lib/propshaft/server.rb:37:in 'Propshaft::Server#call'
actionpack (8.1.3) lib/action_dispatch/middleware/static.rb:27:in 'ActionDispatch::Static#call'
rack (3.2.6) lib/rack/sendfile.rb:131:in 'Rack::Sendfile#call'
actionpack (8.1.3) lib/action_dispatch/middleware/host_authorization.rb:143:in 'ActionDispatch::HostAuthorization#call'
railties (8.1.3) lib/rails/engine.rb:534:in 'Rails::Engine#call'
puma (8.0.2) lib/puma/configuration.rb:305:in 'Puma::Configuration::ConfigMiddleware#call'
puma (8.0.2) lib/puma/response.rb:79:in 'block in Puma::Response#handle_request'
puma (8.0.2) lib/puma/thread_pool.rb:434:in 'Puma::ThreadPool#with_force_shutdown'
puma (8.0.2) lib/puma/response.rb:78:in 'Puma::Response#handle_request'
puma (8.0.2) lib/puma/server.rb:508:in 'Puma::Server#process_client'
puma (8.0.2) lib/puma/server.rb:263:in 'block in Puma::Server#run'
puma (8.0.2) lib/puma/thread_pool.rb:246:in 'block in Puma::ThreadPool#spawn_thread'
Started GET "/resources/promotions" for ::1 at 2026-07-22 13:36:07 +0300
Processing by Avo::PromotionsController#index as HTML
  Parameters: {"resource_name" => "promotions"}
Completed 500 Internal Server Error in 9ms (ActiveRecord: 0.3ms (0 queries, 0 cached) | GC: 0.0ms)


  
ActiveRecord::StatementInvalid (Could not find table 'promotable_promotions'):
  
activerecord (8.1.3) lib/active_record/connection_adapters/sqlite3_adapter.rb:545:in 'ActiveRecord::ConnectionAdapters::SQLite3Adapter#table_structure'
activerecord (8.1.3) lib/active_record/connection_adapters/abstract/schema_statements.rb:110:in 'ActiveRecord::ConnectionAdapters::SchemaStatements#columns'
activerecord (8.1.3) lib/active_record/connection_adapters/schema_cache.rb:345:in 'block (2 levels) in ActiveRecord::ConnectionAdapters::SchemaCache#columns'
activerecord (8.1.3) lib/active_record/connection_adapters/abstract/connection_pool.rb:463:in 'ActiveRecord::ConnectionAdapters::ConnectionPool#with_connection'
activerecord (8.1.3) lib/active_record/connection_adapters/schema_cache.rb:344:in 'block in ActiveRecord::ConnectionAdapters::SchemaCache#columns'
activerecord (8.1.3) lib/active_record/connection_adapters/schema_cache.rb:343:in 'Hash#fetch'
activerecord (8.1.3) lib/active_record/connection_adapters/schema_cache.rb:343:in 'ActiveRecord::ConnectionAdapters::SchemaCache#columns'
activerecord (8.1.3) lib/active_record/connection_adapters/schema_cache.rb:354:in 'block in ActiveRecord::ConnectionAdapters::SchemaCache#columns_hash'
activerecord (8.1.3) lib/active_record/connection_adapters/schema_cache.rb:353:in 'Hash#fetch'
activerecord (8.1.3) lib/active_record/connection_adapters/schema_cache.rb:353:in 'ActiveRecord::ConnectionAdapters::SchemaCache#columns_hash'
activerecord (8.1.3) lib/active_record/connection_adapters/schema_cache.rb:54:in 'ActiveRecord::ConnectionAdapters::SchemaReflection#columns_hash'
activerecord (8.1.3) lib/active_record/connection_adapters/schema_cache.rb:198:in 'ActiveRecord::ConnectionAdapters::BoundSchemaReflection#columns_hash'
activerecord (8.1.3) lib/active_record/model_schema.rb:609:in 'ActiveRecord::ModelSchema::ClassMethods#load_schema!'
activerecord (8.1.3) lib/active_record/counter_cache.rb:212:in 'ActiveRecord::CounterCache::ClassMethods#load_schema!'
activerecord (8.1.3) lib/active_record/encryption/encryptable_record.rb:127:in 'ActiveRecord::Encryption::EncryptableRecord::ClassMethods#load_schema!'
activerecord (8.1.3) lib/active_record/model_schema.rb:555:in 'block in ActiveRecord::ModelSchema::ClassMethods#load_schema'
activerecord (8.1.3) lib/active_record/model_schema.rb:552:in 'Monitor#synchronize'
activerecord (8.1.3) lib/active_record/model_schema.rb:552:in 'ActiveRecord::ModelSchema::ClassMethods#load_schema'
activerecord (8.1.3) lib/active_record/model_schema.rb:444:in 'ActiveRecord::ModelSchema::ClassMethods#columns_hash'
activerecord (8.1.3) lib/active_record/model_schema.rb:449:in 'ActiveRecord::ModelSchema::ClassMethods#columns'
activerecord (8.1.3) lib/active_record/model_schema.rb:495:in 'ActiveRecord::ModelSchema::ClassMethods#column_names'
avo (4.0.15) lib/avo/resources/base.rb:737:in 'Avo::Resources::Base#sort_by_param'
avo (4.0.15) app/controllers/avo/base_controller.rb:354:in 'Avo::BaseController#set_sorting_params'
avo (4.0.15) app/controllers/avo/base_controller.rb:346:in 'Avo::BaseController#set_index_params'
avo (4.0.15) app/controllers/avo/base_controller.rb:35:in 'Avo::BaseController#index'
actionpack (8.1.3) lib/action_controller/metal/basic_implicit_render.rb:8:in 'ActionController::BasicImplicitRender#send_action'
actionpack (8.1.3) lib/abstract_controller/base.rb:221:in 'AbstractController::Base#process_action'
actionpack (8.1.3) lib/action_controller/metal/rendering.rb:199:in 'ActionController::Rendering#process_action'
actionpack (8.1.3) lib/abstract_controller/callbacks.rb:267:in 'block in AbstractController::Callbacks#process_action'
activesupport (8.1.3) lib/active_support/callbacks.rb:121:in 'block in ActiveSupport::Callbacks#run_callbacks'
i18n (1.15.2) lib/i18n.rb:383:in 'I18n::Base#with_locale'
avo (4.0.15) app/controllers/avo/base_application_controller.rb:272:in 'Avo::BaseApplicationController#set_avo_locale'
activesupport (8.1.3) lib/active_support/callbacks.rb:130:in 'block in ActiveSupport::Callbacks#run_callbacks'
turbo-rails (2.0.23) lib/turbo-rails.rb:24:in 'Turbo.with_request_id'
turbo-rails (2.0.23) app/controllers/concerns/turbo/request_id_tracking.rb:10:in 'Turbo::RequestIdTracking#turbo_tracking_request_id'
activesupport (8.1.3) lib/active_support/callbacks.rb:130:in 'block in ActiveSupport::Callbacks#run_callbacks'
activesupport (8.1.3) lib/active_support/callbacks.rb:141:in 'ActiveSupport::Callbacks#run_callbacks'
actionpack (8.1.3) lib/abstract_controller/callbacks.rb:266:in 'AbstractController::Callbacks#process_action'
actionpack (8.1.3) lib/action_controller/metal/rescue.rb:36:in 'ActionController::Rescue#process_action'
actionpack (8.1.3) lib/action_controller/metal/instrumentation.rb:76:in 'block in ActionController::Instrumentation#process_action'
activesupport (8.1.3) lib/active_support/notifications.rb:210:in 'block in ActiveSupport::Notifications.instrument'
activesupport (8.1.3) lib/active_support/notifications/instrumenter.rb:58:in 'ActiveSupport::Notifications::Instrumenter#instrument'
activesupport (8.1.3) lib/active_support/notifications.rb:210:in 'ActiveSupport::Notifications.instrument'
actionpack (8.1.3) lib/action_controller/metal/instrumentation.rb:75:in 'ActionController::Instrumentation#process_action'
actionpack (8.1.3) lib/action_controller/metal/params_wrapper.rb:259:in 'ActionController::ParamsWrapper#process_action'
activerecord (8.1.3) lib/active_record/railties/controller_runtime.rb:39:in 'ActiveRecord::Railties::ControllerRuntime#process_action'
actionpack (8.1.3) lib/abstract_controller/base.rb:154:in 'AbstractController::Base#process'
actionview (8.1.3) lib/action_view/rendering.rb:40:in 'ActionView::Rendering#process'
actionpack (8.1.3) lib/action_controller/metal.rb:252:in 'ActionController::Metal#dispatch'
actionpack (8.1.3) lib/action_controller/metal.rb:335:in 'ActionController::Metal.dispatch'
actionpack (8.1.3) lib/action_dispatch/routing/route_set.rb:65:in 'ActionDispatch::Routing::RouteSet::Dispatcher#dispatch'
actionpack (8.1.3) lib/action_dispatch/routing/route_set.rb:50:in 'ActionDispatch::Routing::RouteSet::Dispatcher#serve'
actionpack (8.1.3) lib/action_dispatch/journey/router.rb:35:in 'block in ActionDispatch::Journey::Router#serve'
actionpack (8.1.3) lib/action_dispatch/journey/router.rb:86:in 'block in ActionDispatch::Journey::Router#recognize'
actionpack (8.1.3) lib/action_dispatch/journey/router.rb:66:in 'Array#each'
actionpack (8.1.3) lib/action_dispatch/journey/router.rb:66:in 'ActionDispatch::Journey::Router#recognize'
actionpack (8.1.3) lib/action_dispatch/journey/router.rb:31:in 'ActionDispatch::Journey::Router#serve'
actionpack (8.1.3) lib/action_dispatch/routing/route_set.rb:906:in 'ActionDispatch::Routing::RouteSet#call'
railties (8.1.3) lib/rails/engine/lazy_route_set.rb:60:in 'Rails::Engine::LazyRouteSet#call'
railties (8.1.3) lib/rails/engine.rb:534:in 'Rails::Engine#call'
railties (8.1.3) lib/rails/railtie.rb:225:in 'Kernel#public_send'
railties (8.1.3) lib/rails/railtie.rb:225:in 'Rails::Railtie.method_missing'
actionpack (8.1.3) lib/action_dispatch/routing/mapper.rb:33:in 'block in <class:Constraints>'
actionpack (8.1.3) lib/action_dispatch/routing/mapper.rb:62:in 'ActionDispatch::Routing::Mapper::Constraints#serve'
actionpack (8.1.3) lib/action_dispatch/journey/router.rb:35:in 'block in ActionDispatch::Journey::Router#serve'
actionpack (8.1.3) lib/action_dispatch/journey/router.rb:92:in 'block in ActionDispatch::Journey::Router#recognize'
actionpack (8.1.3) lib/action_dispatch/journey/router.rb:66:in 'Array#each'
actionpack (8.1.3) lib/action_dispatch/journey/router.rb:66:in 'ActionDispatch::Journey::Router#recognize'
actionpack (8.1.3) lib/action_dispatch/journey/router.rb:31:in 'ActionDispatch::Journey::Router#serve'
actionpack (8.1.3) lib/action_dispatch/routing/route_set.rb:906:in 'ActionDispatch::Routing::RouteSet#call'
railties (8.1.3) lib/rails/engine/lazy_route_set.rb:60:in 'Rails::Engine::LazyRouteSet#call'
rack (3.2.6) lib/rack/tempfile_reaper.rb:20:in 'Rack::TempfileReaper#call'
rack (3.2.6) lib/rack/etag.rb:29:in 'Rack::ETag#call'
rack (3.2.6) lib/rack/conditional_get.rb:31:in 'Rack::ConditionalGet#call'
rack (3.2.6) lib/rack/head.rb:15:in 'Rack::Head#call'
actionpack (8.1.3) lib/action_dispatch/http/content_security_policy.rb:38:in 'ActionDispatch::ContentSecurityPolicy::Middleware#call'
rack-session (2.1.2) lib/rack/session/abstract/id.rb:274:in 'Rack::Session::Abstract::Persisted#context'
rack-session (2.1.2) lib/rack/session/abstract/id.rb:268:in 'Rack::Session::Abstract::Persisted#call'
actionpack (8.1.3) lib/action_dispatch/middleware/cookies.rb:708:in 'ActionDispatch::Cookies#call'
activerecord (8.1.3) lib/active_record/migration.rb:671:in 'ActiveRecord::Migration::CheckPending#call'
actionpack (8.1.3) lib/action_dispatch/middleware/callbacks.rb:31:in 'block in ActionDispatch::Callbacks#call'
activesupport (8.1.3) lib/active_support/callbacks.rb:101:in 'ActiveSupport::Callbacks#run_callbacks'
actionpack (8.1.3) lib/action_dispatch/middleware/callbacks.rb:30:in 'ActionDispatch::Callbacks#call'
actionpack (8.1.3) lib/action_dispatch/middleware/executor.rb:20:in 'ActionDispatch::Executor#call'
actionpack (8.1.3) lib/action_dispatch/middleware/actionable_exceptions.rb:18:in 'ActionDispatch::ActionableExceptions#call'
actionpack (8.1.3) lib/action_dispatch/middleware/debug_exceptions.rb:31:in 'ActionDispatch::DebugExceptions#call'
actionpack (8.1.3) lib/action_dispatch/middleware/show_exceptions.rb:32:in 'ActionDispatch::ShowExceptions#call'
railties (8.1.3) lib/rails/rack/logger.rb:41:in 'Rails::Rack::Logger#call_app'
railties (8.1.3) lib/rails/rack/logger.rb:29:in 'Rails::Rack::Logger#call'
propshaft (1.3.2) lib/propshaft/quiet_assets.rb:11:in 'Propshaft::QuietAssets#call'
actionpack (8.1.3) lib/action_dispatch/middleware/remote_ip.rb:98:in 'ActionDispatch::RemoteIp#call'
actionpack (8.1.3) lib/action_dispatch/middleware/request_id.rb:34:in 'ActionDispatch::RequestId#call'
rack (3.2.6) lib/rack/method_override.rb:28:in 'Rack::MethodOverride#call'
rack (3.2.6) lib/rack/runtime.rb:24:in 'Rack::Runtime#call'
activesupport (8.1.3) lib/active_support/cache/strategy/local_cache_middleware.rb:30:in 'ActiveSupport::Cache::Strategy::LocalCache::Middleware#call'
actionpack (8.1.3) lib/action_dispatch/middleware/server_timing.rb:61:in 'block in ActionDispatch::ServerTiming#call'
actionpack (8.1.3) lib/action_dispatch/middleware/server_timing.rb:26:in 'ActionDispatch::ServerTiming::Subscriber#collect_events'
actionpack (8.1.3) lib/action_dispatch/middleware/server_timing.rb:60:in 'ActionDispatch::ServerTiming#call'
actionpack (8.1.3) lib/action_dispatch/middleware/executor.rb:20:in 'ActionDispatch::Executor#call'
propshaft (1.3.2) lib/propshaft/server.rb:37:in 'Propshaft::Server#call'
actionpack (8.1.3) lib/action_dispatch/middleware/static.rb:27:in 'ActionDispatch::Static#call'
rack (3.2.6) lib/rack/sendfile.rb:131:in 'Rack::Sendfile#call'
actionpack (8.1.3) lib/action_dispatch/middleware/host_authorization.rb:143:in 'ActionDispatch::HostAuthorization#call'
railties (8.1.3) lib/rails/engine.rb:534:in 'Rails::Engine#call'
puma (8.0.2) lib/puma/configuration.rb:305:in 'Puma::Configuration::ConfigMiddleware#call'
puma (8.0.2) lib/puma/response.rb:79:in 'block in Puma::Response#handle_request'
puma (8.0.2) lib/puma/thread_pool.rb:434:in 'Puma::ThreadPool#with_force_shutdown'
puma (8.0.2) lib/puma/response.rb:78:in 'Puma::Response#handle_request'
puma (8.0.2) lib/puma/server.rb:508:in 'Puma::Server#process_client'
puma (8.0.2) lib/puma/server.rb:263:in 'block in Puma::Server#run'
puma (8.0.2) lib/puma/thread_pool.rb:246:in 'block in Puma::ThreadPool#spawn_thread'
Started GET "/resources/promotions" for ::1 at 2026-07-22 13:36:07 +0300
Processing by Avo::PromotionsController#index as HTML
  Parameters: {"resource_name" => "promotions"}
Completed 500 Internal Server Error in 4ms (ActiveRecord: 0.1ms (0 queries, 0 cached) | GC: 0.0ms)


  
ActiveRecord::StatementInvalid (Could not find table 'promotable_promotions'):
  
activerecord (8.1.3) lib/active_record/connection_adapters/sqlite3_adapter.rb:545:in 'ActiveRecord::ConnectionAdapters::SQLite3Adapter#table_structure'
activerecord (8.1.3) lib/active_record/connection_adapters/abstract/schema_statements.rb:110:in 'ActiveRecord::ConnectionAdapters::SchemaStatements#columns'
activerecord (8.1.3) lib/active_record/connection_adapters/schema_cache.rb:345:in 'block (2 levels) in ActiveRecord::ConnectionAdapters::SchemaCache#columns'
activerecord (8.1.3) lib/active_record/connection_adapters/abstract/connection_pool.rb:463:in 'ActiveRecord::ConnectionAdapters::ConnectionPool#with_connection'
activerecord (8.1.3) lib/active_record/connection_adapters/schema_cache.rb:344:in 'block in ActiveRecord::ConnectionAdapters::SchemaCache#columns'
activerecord (8.1.3) lib/active_record/connection_adapters/schema_cache.rb:343:in 'Hash#fetch'
activerecord (8.1.3) lib/active_record/connection_adapters/schema_cache.rb:343:in 'ActiveRecord::ConnectionAdapters::SchemaCache#columns'
activerecord (8.1.3) lib/active_record/connection_adapters/schema_cache.rb:354:in 'block in ActiveRecord::ConnectionAdapters::SchemaCache#columns_hash'
activerecord (8.1.3) lib/active_record/connection_adapters/schema_cache.rb:353:in 'Hash#fetch'
activerecord (8.1.3) lib/active_record/connection_adapters/schema_cache.rb:353:in 'ActiveRecord::ConnectionAdapters::SchemaCache#columns_hash'
activerecord (8.1.3) lib/active_record/connection_adapters/schema_cache.rb:54:in 'ActiveRecord::ConnectionAdapters::SchemaReflection#columns_hash'
activerecord (8.1.3) lib/active_record/connection_adapters/schema_cache.rb:198:in 'ActiveRecord::ConnectionAdapters::BoundSchemaReflection#columns_hash'
activerecord (8.1.3) lib/active_record/model_schema.rb:609:in 'ActiveRecord::ModelSchema::ClassMethods#load_schema!'
activerecord (8.1.3) lib/active_record/counter_cache.rb:212:in 'ActiveRecord::CounterCache::ClassMethods#load_schema!'
activerecord (8.1.3) lib/active_record/encryption/encryptable_record.rb:127:in 'ActiveRecord::Encryption::EncryptableRecord::ClassMethods#load_schema!'
activerecord (8.1.3) lib/active_record/model_schema.rb:555:in 'block in ActiveRecord::ModelSchema::ClassMethods#load_schema'
activerecord (8.1.3) lib/active_record/model_schema.rb:552:in 'Monitor#synchronize'
activerecord (8.1.3) lib/active_record/model_schema.rb:552:in 'ActiveRecord::ModelSchema::ClassMethods#load_schema'
activerecord (8.1.3) lib/active_record/model_schema.rb:444:in 'ActiveRecord::ModelSchema::ClassMethods#columns_hash'
activerecord (8.1.3) lib/active_record/model_schema.rb:449:in 'ActiveRecord::ModelSchema::ClassMethods#columns'
activerecord (8.1.3) lib/active_record/model_schema.rb:495:in 'ActiveRecord::ModelSchema::ClassMethods#column_names'
avo (4.0.15) lib/avo/resources/base.rb:737:in 'Avo::Resources::Base#sort_by_param'
avo (4.0.15) app/controllers/avo/base_controller.rb:354:in 'Avo::BaseController#set_sorting_params'
avo (4.0.15) app/controllers/avo/base_controller.rb:346:in 'Avo::BaseController#set_index_params'
avo (4.0.15) app/controllers/avo/base_controller.rb:35:in 'Avo::BaseController#index'
actionpack (8.1.3) lib/action_controller/metal/basic_implicit_render.rb:8:in 'ActionController::BasicImplicitRender#send_action'
actionpack (8.1.3) lib/abstract_controller/base.rb:221:in 'AbstractController::Base#process_action'
actionpack (8.1.3) lib/action_controller/metal/rendering.rb:199:in 'ActionController::Rendering#process_action'
actionpack (8.1.3) lib/abstract_controller/callbacks.rb:267:in 'block in AbstractController::Callbacks#process_action'
activesupport (8.1.3) lib/active_support/callbacks.rb:121:in 'block in ActiveSupport::Callbacks#run_callbacks'
i18n (1.15.2) lib/i18n.rb:383:in 'I18n::Base#with_locale'
avo (4.0.15) app/controllers/avo/base_application_controller.rb:272:in 'Avo::BaseApplicationController#set_avo_locale'
activesupport (8.1.3) lib/active_support/callbacks.rb:130:in 'block in ActiveSupport::Callbacks#run_callbacks'
turbo-rails (2.0.23) lib/turbo-rails.rb:24:in 'Turbo.with_request_id'
turbo-rails (2.0.23) app/controllers/concerns/turbo/request_id_tracking.rb:10:in 'Turbo::RequestIdTracking#turbo_tracking_request_id'
activesupport (8.1.3) lib/active_support/callbacks.rb:130:in 'block in ActiveSupport::Callbacks#run_callbacks'
activesupport (8.1.3) lib/active_support/callbacks.rb:141:in 'ActiveSupport::Callbacks#run_callbacks'
actionpack (8.1.3) lib/abstract_controller/callbacks.rb:266:in 'AbstractController::Callbacks#process_action'
actionpack (8.1.3) lib/action_controller/metal/rescue.rb:36:in 'ActionController::Rescue#process_action'
actionpack (8.1.3) lib/action_controller/metal/instrumentation.rb:76:in 'block in ActionController::Instrumentation#process_action'
activesupport (8.1.3) lib/active_support/notifications.rb:210:in 'block in ActiveSupport::Notifications.instrument'
activesupport (8.1.3) lib/active_support/notifications/instrumenter.rb:58:in 'ActiveSupport::Notifications::Instrumenter#instrument'
activesupport (8.1.3) lib/active_support/notifications.rb:210:in 'ActiveSupport::Notifications.instrument'
actionpack (8.1.3) lib/action_controller/metal/instrumentation.rb:75:in 'ActionController::Instrumentation#process_action'
actionpack (8.1.3) lib/action_controller/metal/params_wrapper.rb:259:in 'ActionController::ParamsWrapper#process_action'
activerecord (8.1.3) lib/active_record/railties/controller_runtime.rb:39:in 'ActiveRecord::Railties::ControllerRuntime#process_action'
actionpack (8.1.3) lib/abstract_controller/base.rb:154:in 'AbstractController::Base#process'
actionview (8.1.3) lib/action_view/rendering.rb:40:in 'ActionView::Rendering#process'
actionpack (8.1.3) lib/action_controller/metal.rb:252:in 'ActionController::Metal#dispatch'
actionpack (8.1.3) lib/action_controller/metal.rb:335:in 'ActionController::Metal.dispatch'
actionpack (8.1.3) lib/action_dispatch/routing/route_set.rb:65:in 'ActionDispatch::Routing::RouteSet::Dispatcher#dispatch'
actionpack (8.1.3) lib/action_dispatch/routing/route_set.rb:50:in 'ActionDispatch::Routing::RouteSet::Dispatcher#serve'
actionpack (8.1.3) lib/action_dispatch/journey/router.rb:35:in 'block in ActionDispatch::Journey::Router#serve'
actionpack (8.1.3) lib/action_dispatch/journey/router.rb:86:in 'block in ActionDispatch::Journey::Router#recognize'
actionpack (8.1.3) lib/action_dispatch/journey/router.rb:66:in 'Array#each'
actionpack (8.1.3) lib/action_dispatch/journey/router.rb:66:in 'ActionDispatch::Journey::Router#recognize'
actionpack (8.1.3) lib/action_dispatch/journey/router.rb:31:in 'ActionDispatch::Journey::Router#serve'
actionpack (8.1.3) lib/action_dispatch/routing/route_set.rb:906:in 'ActionDispatch::Routing::RouteSet#call'
railties (8.1.3) lib/rails/engine/lazy_route_set.rb:60:in 'Rails::Engine::LazyRouteSet#call'
railties (8.1.3) lib/rails/engine.rb:534:in 'Rails::Engine#call'
railties (8.1.3) lib/rails/railtie.rb:225:in 'Kernel#public_send'
railties (8.1.3) lib/rails/railtie.rb:225:in 'Rails::Railtie.method_missing'
actionpack (8.1.3) lib/action_dispatch/routing/mapper.rb:33:in 'block in <class:Constraints>'
actionpack (8.1.3) lib/action_dispatch/routing/mapper.rb:62:in 'ActionDispatch::Routing::Mapper::Constraints#serve'
actionpack (8.1.3) lib/action_dispatch/journey/router.rb:35:in 'block in ActionDispatch::Journey::Router#serve'
actionpack (8.1.3) lib/action_dispatch/journey/router.rb:92:in 'block in ActionDispatch::Journey::Router#recognize'
actionpack (8.1.3) lib/action_dispatch/journey/router.rb:66:in 'Array#each'
actionpack (8.1.3) lib/action_dispatch/journey/router.rb:66:in 'ActionDispatch::Journey::Router#recognize'
actionpack (8.1.3) lib/action_dispatch/journey/router.rb:31:in 'ActionDispatch::Journey::Router#serve'
actionpack (8.1.3) lib/action_dispatch/routing/route_set.rb:906:in 'ActionDispatch::Routing::RouteSet#call'
railties (8.1.3) lib/rails/engine/lazy_route_set.rb:60:in 'Rails::Engine::LazyRouteSet#call'
rack (3.2.6) lib/rack/tempfile_reaper.rb:20:in 'Rack::TempfileReaper#call'
rack (3.2.6) lib/rack/etag.rb:29:in 'Rack::ETag#call'
rack (3.2.6) lib/rack/conditional_get.rb:31:in 'Rack::ConditionalGet#call'
rack (3.2.6) lib/rack/head.rb:15:in 'Rack::Head#call'
actionpack (8.1.3) lib/action_dispatch/http/content_security_policy.rb:38:in 'ActionDispatch::ContentSecurityPolicy::Middleware#call'
rack-session (2.1.2) lib/rack/session/abstract/id.rb:274:in 'Rack::Session::Abstract::Persisted#context'
rack-session (2.1.2) lib/rack/session/abstract/id.rb:268:in 'Rack::Session::Abstract::Persisted#call'
actionpack (8.1.3) lib/action_dispatch/middleware/cookies.rb:708:in 'ActionDispatch::Cookies#call'
activerecord (8.1.3) lib/active_record/migration.rb:671:in 'ActiveRecord::Migration::CheckPending#call'
actionpack (8.1.3) lib/action_dispatch/middleware/callbacks.rb:31:in 'block in ActionDispatch::Callbacks#call'
activesupport (8.1.3) lib/active_support/callbacks.rb:101:in 'ActiveSupport::Callbacks#run_callbacks'
actionpack (8.1.3) lib/action_dispatch/middleware/callbacks.rb:30:in 'ActionDispatch::Callbacks#call'
actionpack (8.1.3) lib/action_dispatch/middleware/executor.rb:20:in 'ActionDispatch::Executor#call'
actionpack (8.1.3) lib/action_dispatch/middleware/actionable_exceptions.rb:18:in 'ActionDispatch::ActionableExceptions#call'
actionpack (8.1.3) lib/action_dispatch/middleware/debug_exceptions.rb:31:in 'ActionDispatch::DebugExceptions#call'
actionpack (8.1.3) lib/action_dispatch/middleware/show_exceptions.rb:32:in 'ActionDispatch::ShowExceptions#call'
railties (8.1.3) lib/rails/rack/logger.rb:41:in 'Rails::Rack::Logger#call_app'
railties (8.1.3) lib/rails/rack/logger.rb:29:in 'Rails::Rack::Logger#call'
propshaft (1.3.2) lib/propshaft/quiet_assets.rb:11:in 'Propshaft::QuietAssets#call'
actionpack (8.1.3) lib/action_dispatch/middleware/remote_ip.rb:98:in 'ActionDispatch::RemoteIp#call'
actionpack (8.1.3) lib/action_dispatch/middleware/request_id.rb:34:in 'ActionDispatch::RequestId#call'
rack (3.2.6) lib/rack/method_override.rb:28:in 'Rack::MethodOverride#call'
rack (3.2.6) lib/rack/runtime.rb:24:in 'Rack::Runtime#call'
activesupport (8.1.3) lib/active_support/cache/strategy/local_cache_middleware.rb:30:in 'ActiveSupport::Cache::Strategy::LocalCache::Middleware#call'
actionpack (8.1.3) lib/action_dispatch/middleware/server_timing.rb:61:in 'block in ActionDispatch::ServerTiming#call'
actionpack (8.1.3) lib/action_dispatch/middleware/server_timing.rb:26:in 'ActionDispatch::ServerTiming::Subscriber#collect_events'
actionpack (8.1.3) lib/action_dispatch/middleware/server_timing.rb:60:in 'ActionDispatch::ServerTiming#call'
actionpack (8.1.3) lib/action_dispatch/middleware/executor.rb:20:in 'ActionDispatch::Executor#call'
propshaft (1.3.2) lib/propshaft/server.rb:37:in 'Propshaft::Server#call'
actionpack (8.1.3) lib/action_dispatch/middleware/static.rb:27:in 'ActionDispatch::Static#call'
rack (3.2.6) lib/rack/sendfile.rb:131:in 'Rack::Sendfile#call'
actionpack (8.1.3) lib/action_dispatch/middleware/host_authorization.rb:143:in 'ActionDispatch::HostAuthorization#call'
railties (8.1.3) lib/rails/engine.rb:534:in 'Rails::Engine#call'
puma (8.0.2) lib/puma/configuration.rb:305:in 'Puma::Configuration::ConfigMiddleware#call'
puma (8.0.2) lib/puma/response.rb:79:in 'block in Puma::Response#handle_request'
puma (8.0.2) lib/puma/thread_pool.rb:434:in 'Puma::ThreadPool#with_force_shutdown'
puma (8.0.2) lib/puma/response.rb:78:in 'Puma::Response#handle_request'
puma (8.0.2) lib/puma/server.rb:508:in 'Puma::Server#process_client'
puma (8.0.2) lib/puma/server.rb:263:in 'block in Puma::Server#run'
puma (8.0.2) lib/puma/thread_pool.rb:246:in 'block in Puma::ThreadPool#spawn_thread'
Started GET "/resources/promotions" for ::1 at 2026-07-22 13:36:07 +0300
Processing by Avo::PromotionsController#index as HTML
  Parameters: {"resource_name" => "promotions"}
Completed 500 Internal Server Error in 4ms (ActiveRecord: 0.1ms (0 queries, 0 cached) | GC: 0.1ms)


  
ActiveRecord::StatementInvalid (Could not find table 'promotable_promotions'):
  
activerecord (8.1.3) lib/active_record/connection_adapters/sqlite3_adapter.rb:545:in 'ActiveRecord::ConnectionAdapters::SQLite3Adapter#table_structure'
activerecord (8.1.3) lib/active_record/connection_adapters/abstract/schema_statements.rb:110:in 'ActiveRecord::ConnectionAdapters::SchemaStatements#columns'
activerecord (8.1.3) lib/active_record/connection_adapters/schema_cache.rb:345:in 'block (2 levels) in ActiveRecord::ConnectionAdapters::SchemaCache#columns'
activerecord (8.1.3) lib/active_record/connection_adapters/abstract/connection_pool.rb:463:in 'ActiveRecord::ConnectionAdapters::ConnectionPool#with_connection'
activerecord (8.1.3) lib/active_record/connection_adapters/schema_cache.rb:344:in 'block in ActiveRecord::ConnectionAdapters::SchemaCache#columns'
activerecord (8.1.3) lib/active_record/connection_adapters/schema_cache.rb:343:in 'Hash#fetch'
activerecord (8.1.3) lib/active_record/connection_adapters/schema_cache.rb:343:in 'ActiveRecord::ConnectionAdapters::SchemaCache#columns'
activerecord (8.1.3) lib/active_record/connection_adapters/schema_cache.rb:354:in 'block in ActiveRecord::ConnectionAdapters::SchemaCache#columns_hash'
activerecord (8.1.3) lib/active_record/connection_adapters/schema_cache.rb:353:in 'Hash#fetch'
activerecord (8.1.3) lib/active_record/connection_adapters/schema_cache.rb:353:in 'ActiveRecord::ConnectionAdapters::SchemaCache#columns_hash'
activerecord (8.1.3) lib/active_record/connection_adapters/schema_cache.rb:54:in 'ActiveRecord::ConnectionAdapters::SchemaReflection#columns_hash'
activerecord (8.1.3) lib/active_record/connection_adapters/schema_cache.rb:198:in 'ActiveRecord::ConnectionAdapters::BoundSchemaReflection#columns_hash'
activerecord (8.1.3) lib/active_record/model_schema.rb:609:in 'ActiveRecord::ModelSchema::ClassMethods#load_schema!'
activerecord (8.1.3) lib/active_record/counter_cache.rb:212:in 'ActiveRecord::CounterCache::ClassMethods#load_schema!'
activerecord (8.1.3) lib/active_record/encryption/encryptable_record.rb:127:in 'ActiveRecord::Encryption::EncryptableRecord::ClassMethods#load_schema!'
activerecord (8.1.3) lib/active_record/model_schema.rb:555:in 'block in ActiveRecord::ModelSchema::ClassMethods#load_schema'
activerecord (8.1.3) lib/active_record/model_schema.rb:552:in 'Monitor#synchronize'
activerecord (8.1.3) lib/active_record/model_schema.rb:552:in 'ActiveRecord::ModelSchema::ClassMethods#load_schema'
activerecord (8.1.3) lib/active_record/model_schema.rb:444:in 'ActiveRecord::ModelSchema::ClassMethods#columns_hash'
activerecord (8.1.3) lib/active_record/model_schema.rb:449:in 'ActiveRecord::ModelSchema::ClassMethods#columns'
activerecord (8.1.3) lib/active_record/model_schema.rb:495:in 'ActiveRecord::ModelSchema::ClassMethods#column_names'
avo (4.0.15) lib/avo/resources/base.rb:737:in 'Avo::Resources::Base#sort_by_param'
avo (4.0.15) app/controllers/avo/base_controller.rb:354:in 'Avo::BaseController#set_sorting_params'
avo (4.0.15) app/controllers/avo/base_controller.rb:346:in 'Avo::BaseController#set_index_params'
avo (4.0.15) app/controllers/avo/base_controller.rb:35:in 'Avo::BaseController#index'
actionpack (8.1.3) lib/action_controller/metal/basic_implicit_render.rb:8:in 'ActionController::BasicImplicitRender#send_action'
actionpack (8.1.3) lib/abstract_controller/base.rb:221:in 'AbstractController::Base#process_action'
actionpack (8.1.3) lib/action_controller/metal/rendering.rb:199:in 'ActionController::Rendering#process_action'
actionpack (8.1.3) lib/abstract_controller/callbacks.rb:267:in 'block in AbstractController::Callbacks#process_action'
activesupport (8.1.3) lib/active_support/callbacks.rb:121:in 'block in ActiveSupport::Callbacks#run_callbacks'
i18n (1.15.2) lib/i18n.rb:383:in 'I18n::Base#with_locale'
avo (4.0.15) app/controllers/avo/base_application_controller.rb:272:in 'Avo::BaseApplicationController#set_avo_locale'
activesupport (8.1.3) lib/active_support/callbacks.rb:130:in 'block in ActiveSupport::Callbacks#run_callbacks'
turbo-rails (2.0.23) lib/turbo-rails.rb:24:in 'Turbo.with_request_id'
turbo-rails (2.0.23) app/controllers/concerns/turbo/request_id_tracking.rb:10:in 'Turbo::RequestIdTracking#turbo_tracking_request_id'
activesupport (8.1.3) lib/active_support/callbacks.rb:130:in 'block in ActiveSupport::Callbacks#run_callbacks'
activesupport (8.1.3) lib/active_support/callbacks.rb:141:in 'ActiveSupport::Callbacks#run_callbacks'
actionpack (8.1.3) lib/abstract_controller/callbacks.rb:266:in 'AbstractController::Callbacks#process_action'
actionpack (8.1.3) lib/action_controller/metal/rescue.rb:36:in 'ActionController::Rescue#process_action'
actionpack (8.1.3) lib/action_controller/metal/instrumentation.rb:76:in 'block in ActionController::Instrumentation#process_action'
activesupport (8.1.3) lib/active_support/notifications.rb:210:in 'block in ActiveSupport::Notifications.instrument'
activesupport (8.1.3) lib/active_support/notifications/instrumenter.rb:58:in 'ActiveSupport::Notifications::Instrumenter#instrument'
activesupport (8.1.3) lib/active_support/notifications.rb:210:in 'ActiveSupport::Notifications.instrument'
actionpack (8.1.3) lib/action_controller/metal/instrumentation.rb:75:in 'ActionController::Instrumentation#process_action'
actionpack (8.1.3) lib/action_controller/metal/params_wrapper.rb:259:in 'ActionController::ParamsWrapper#process_action'
activerecord (8.1.3) lib/active_record/railties/controller_runtime.rb:39:in 'ActiveRecord::Railties::ControllerRuntime#process_action'
actionpack (8.1.3) lib/abstract_controller/base.rb:154:in 'AbstractController::Base#process'
actionview (8.1.3) lib/action_view/rendering.rb:40:in 'ActionView::Rendering#process'
actionpack (8.1.3) lib/action_controller/metal.rb:252:in 'ActionController::Metal#dispatch'
actionpack (8.1.3) lib/action_controller/metal.rb:335:in 'ActionController::Metal.dispatch'
actionpack (8.1.3) lib/action_dispatch/routing/route_set.rb:65:in 'ActionDispatch::Routing::RouteSet::Dispatcher#dispatch'
actionpack (8.1.3) lib/action_dispatch/routing/route_set.rb:50:in 'ActionDispatch::Routing::RouteSet::Dispatcher#serve'
actionpack (8.1.3) lib/action_dispatch/journey/router.rb:35:in 'block in ActionDispatch::Journey::Router#serve'
actionpack (8.1.3) lib/action_dispatch/journey/router.rb:86:in 'block in ActionDispatch::Journey::Router#recognize'
actionpack (8.1.3) lib/action_dispatch/journey/router.rb:66:in 'Array#each'
actionpack (8.1.3) lib/action_dispatch/journey/router.rb:66:in 'ActionDispatch::Journey::Router#recognize'
actionpack (8.1.3) lib/action_dispatch/journey/router.rb:31:in 'ActionDispatch::Journey::Router#serve'
actionpack (8.1.3) lib/action_dispatch/routing/route_set.rb:906:in 'ActionDispatch::Routing::RouteSet#call'
railties (8.1.3) lib/rails/engine/lazy_route_set.rb:60:in 'Rails::Engine::LazyRouteSet#call'
railties (8.1.3) lib/rails/engine.rb:534:in 'Rails::Engine#call'
railties (8.1.3) lib/rails/railtie.rb:225:in 'Kernel#public_send'
railties (8.1.3) lib/rails/railtie.rb:225:in 'Rails::Railtie.method_missing'
actionpack (8.1.3) lib/action_dispatch/routing/mapper.rb:33:in 'block in <class:Constraints>'
actionpack (8.1.3) lib/action_dispatch/routing/mapper.rb:62:in 'ActionDispatch::Routing::Mapper::Constraints#serve'
actionpack (8.1.3) lib/action_dispatch/journey/router.rb:35:in 'block in ActionDispatch::Journey::Router#serve'
actionpack (8.1.3) lib/action_dispatch/journey/router.rb:92:in 'block in ActionDispatch::Journey::Router#recognize'
actionpack (8.1.3) lib/action_dispatch/journey/router.rb:66:in 'Array#each'
actionpack (8.1.3) lib/action_dispatch/journey/router.rb:66:in 'ActionDispatch::Journey::Router#recognize'
actionpack (8.1.3) lib/action_dispatch/journey/router.rb:31:in 'ActionDispatch::Journey::Router#serve'
actionpack (8.1.3) lib/action_dispatch/routing/route_set.rb:906:in 'ActionDispatch::Routing::RouteSet#call'
railties (8.1.3) lib/rails/engine/lazy_route_set.rb:60:in 'Rails::Engine::LazyRouteSet#call'
rack (3.2.6) lib/rack/tempfile_reaper.rb:20:in 'Rack::TempfileReaper#call'
rack (3.2.6) lib/rack/etag.rb:29:in 'Rack::ETag#call'
rack (3.2.6) lib/rack/conditional_get.rb:31:in 'Rack::ConditionalGet#call'
rack (3.2.6) lib/rack/head.rb:15:in 'Rack::Head#call'
actionpack (8.1.3) lib/action_dispatch/http/content_security_policy.rb:38:in 'ActionDispatch::ContentSecurityPolicy::Middleware#call'
rack-session (2.1.2) lib/rack/session/abstract/id.rb:274:in 'Rack::Session::Abstract::Persisted#context'
rack-session (2.1.2) lib/rack/session/abstract/id.rb:268:in 'Rack::Session::Abstract::Persisted#call'
actionpack (8.1.3) lib/action_dispatch/middleware/cookies.rb:708:in 'ActionDispatch::Cookies#call'
activerecord (8.1.3) lib/active_record/migration.rb:671:in 'ActiveRecord::Migration::CheckPending#call'
actionpack (8.1.3) lib/action_dispatch/middleware/callbacks.rb:31:in 'block in ActionDispatch::Callbacks#call'
activesupport (8.1.3) lib/active_support/callbacks.rb:101:in 'ActiveSupport::Callbacks#run_callbacks'
actionpack (8.1.3) lib/action_dispatch/middleware/callbacks.rb:30:in 'ActionDispatch::Callbacks#call'
actionpack (8.1.3) lib/action_dispatch/middleware/executor.rb:20:in 'ActionDispatch::Executor#call'
actionpack (8.1.3) lib/action_dispatch/middleware/actionable_exceptions.rb:18:in 'ActionDispatch::ActionableExceptions#call'
actionpack (8.1.3) lib/action_dispatch/middleware/debug_exceptions.rb:31:in 'ActionDispatch::DebugExceptions#call'
actionpack (8.1.3) lib/action_dispatch/middleware/show_exceptions.rb:32:in 'ActionDispatch::ShowExceptions#call'
railties (8.1.3) lib/rails/rack/logger.rb:41:in 'Rails::Rack::Logger#call_app'
railties (8.1.3) lib/rails/rack/logger.rb:29:in 'Rails::Rack::Logger#call'
propshaft (1.3.2) lib/propshaft/quiet_assets.rb:11:in 'Propshaft::QuietAssets#call'
actionpack (8.1.3) lib/action_dispatch/middleware/remote_ip.rb:98:in 'ActionDispatch::RemoteIp#call'
actionpack (8.1.3) lib/action_dispatch/middleware/request_id.rb:34:in 'ActionDispatch::RequestId#call'
rack (3.2.6) lib/rack/method_override.rb:28:in 'Rack::MethodOverride#call'
rack (3.2.6) lib/rack/runtime.rb:24:in 'Rack::Runtime#call'
activesupport (8.1.3) lib/active_support/cache/strategy/local_cache_middleware.rb:30:in 'ActiveSupport::Cache::Strategy::LocalCache::Middleware#call'
actionpack (8.1.3) lib/action_dispatch/middleware/server_timing.rb:61:in 'block in ActionDispatch::ServerTiming#call'
actionpack (8.1.3) lib/action_dispatch/middleware/server_timing.rb:26:in 'ActionDispatch::ServerTiming::Subscriber#collect_events'
actionpack (8.1.3) lib/action_dispatch/middleware/server_timing.rb:60:in 'ActionDispatch::ServerTiming#call'
actionpack (8.1.3) lib/action_dispatch/middleware/executor.rb:20:in 'ActionDispatch::Executor#call'
propshaft (1.3.2) lib/propshaft/server.rb:37:in 'Propshaft::Server#call'
actionpack (8.1.3) lib/action_dispatch/middleware/static.rb:27:in 'ActionDispatch::Static#call'
rack (3.2.6) lib/rack/sendfile.rb:131:in 'Rack::Sendfile#call'
actionpack (8.1.3) lib/action_dispatch/middleware/host_authorization.rb:143:in 'ActionDispatch::HostAuthorization#call'
railties (8.1.3) lib/rails/engine.rb:534:in 'Rails::Engine#call'
puma (8.0.2) lib/puma/configuration.rb:305:in 'Puma::Configuration::ConfigMiddleware#call'
puma (8.0.2) lib/puma/response.rb:79:in 'block in Puma::Response#handle_request'
puma (8.0.2) lib/puma/thread_pool.rb:434:in 'Puma::ThreadPool#with_force_shutdown'
puma (8.0.2) lib/puma/response.rb:78:in 'Puma::Response#handle_request'
puma (8.0.2) lib/puma/server.rb:508:in 'Puma::Server#process_client'
puma (8.0.2) lib/puma/server.rb:263:in 'block in Puma::Server#run'
puma (8.0.2) lib/puma/thread_pool.rb:246:in 'block in Puma::ThreadPool#spawn_thread'
Started GET "/resources/promotions" for ::1 at 2026-07-22 13:36:08 +0300
Processing by Avo::PromotionsController#index as HTML
  Parameters: {"resource_name" => "promotions"}
Completed 500 Internal Server Error in 4ms (ActiveRecord: 0.1ms (0 queries, 0 cached) | GC: 0.2ms)


  
ActiveRecord::StatementInvalid (Could not find table 'promotable_promotions'):
  
activerecord (8.1.3) lib/active_record/connection_adapters/sqlite3_adapter.rb:545:in 'ActiveRecord::ConnectionAdapters::SQLite3Adapter#table_structure'
activerecord (8.1.3) lib/active_record/connection_adapters/abstract/schema_statements.rb:110:in 'ActiveRecord::ConnectionAdapters::SchemaStatements#columns'
activerecord (8.1.3) lib/active_record/connection_adapters/schema_cache.rb:345:in 'block (2 levels) in ActiveRecord::ConnectionAdapters::SchemaCache#columns'
activerecord (8.1.3) lib/active_record/connection_adapters/abstract/connection_pool.rb:463:in 'ActiveRecord::ConnectionAdapters::ConnectionPool#with_connection'
activerecord (8.1.3) lib/active_record/connection_adapters/schema_cache.rb:344:in 'block in ActiveRecord::ConnectionAdapters::SchemaCache#columns'
activerecord (8.1.3) lib/active_record/connection_adapters/schema_cache.rb:343:in 'Hash#fetch'
activerecord (8.1.3) lib/active_record/connection_adapters/schema_cache.rb:343:in 'ActiveRecord::ConnectionAdapters::SchemaCache#columns'
activerecord (8.1.3) lib/active_record/connection_adapters/schema_cache.rb:354:in 'block in ActiveRecord::ConnectionAdapters::SchemaCache#columns_hash'
activerecord (8.1.3) lib/active_record/connection_adapters/schema_cache.rb:353:in 'Hash#fetch'
activerecord (8.1.3) lib/active_record/connection_adapters/schema_cache.rb:353:in 'ActiveRecord::ConnectionAdapters::SchemaCache#columns_hash'
activerecord (8.1.3) lib/active_record/connection_adapters/schema_cache.rb:54:in 'ActiveRecord::ConnectionAdapters::SchemaReflection#columns_hash'
activerecord (8.1.3) lib/active_record/connection_adapters/schema_cache.rb:198:in 'ActiveRecord::ConnectionAdapters::BoundSchemaReflection#columns_hash'
activerecord (8.1.3) lib/active_record/model_schema.rb:609:in 'ActiveRecord::ModelSchema::ClassMethods#load_schema!'
activerecord (8.1.3) lib/active_record/counter_cache.rb:212:in 'ActiveRecord::CounterCache::ClassMethods#load_schema!'
activerecord (8.1.3) lib/active_record/encryption/encryptable_record.rb:127:in 'ActiveRecord::Encryption::EncryptableRecord::ClassMethods#load_schema!'
activerecord (8.1.3) lib/active_record/model_schema.rb:555:in 'block in ActiveRecord::ModelSchema::ClassMethods#load_schema'
activerecord (8.1.3) lib/active_record/model_schema.rb:552:in 'Monitor#synchronize'
activerecord (8.1.3) lib/active_record/model_schema.rb:552:in 'ActiveRecord::ModelSchema::ClassMethods#load_schema'
activerecord (8.1.3) lib/active_record/model_schema.rb:444:in 'ActiveRecord::ModelSchema::ClassMethods#columns_hash'
activerecord (8.1.3) lib/active_record/model_schema.rb:449:in 'ActiveRecord::ModelSchema::ClassMethods#columns'
activerecord (8.1.3) lib/active_record/model_schema.rb:495:in 'ActiveRecord::ModelSchema::ClassMethods#column_names'
avo (4.0.15) lib/avo/resources/base.rb:737:in 'Avo::Resources::Base#sort_by_param'
avo (4.0.15) app/controllers/avo/base_controller.rb:354:in 'Avo::BaseController#set_sorting_params'
avo (4.0.15) app/controllers/avo/base_controller.rb:346:in 'Avo::BaseController#set_index_params'
avo (4.0.15) app/controllers/avo/base_controller.rb:35:in 'Avo::BaseController#index'
actionpack (8.1.3) lib/action_controller/metal/basic_implicit_render.rb:8:in 'ActionController::BasicImplicitRender#send_action'
actionpack (8.1.3) lib/abstract_controller/base.rb:221:in 'AbstractController::Base#process_action'
actionpack (8.1.3) lib/action_controller/metal/rendering.rb:199:in 'ActionController::Rendering#process_action'
actionpack (8.1.3) lib/abstract_controller/callbacks.rb:267:in 'block in AbstractController::Callbacks#process_action'
activesupport (8.1.3) lib/active_support/callbacks.rb:121:in 'block in ActiveSupport::Callbacks#run_callbacks'
i18n (1.15.2) lib/i18n.rb:383:in 'I18n::Base#with_locale'
avo (4.0.15) app/controllers/avo/base_application_controller.rb:272:in 'Avo::BaseApplicationController#set_avo_locale'
activesupport (8.1.3) lib/active_support/callbacks.rb:130:in 'block in ActiveSupport::Callbacks#run_callbacks'
turbo-rails (2.0.23) lib/turbo-rails.rb:24:in 'Turbo.with_request_id'
turbo-rails (2.0.23) app/controllers/concerns/turbo/request_id_tracking.rb:10:in 'Turbo::RequestIdTracking#turbo_tracking_request_id'
activesupport (8.1.3) lib/active_support/callbacks.rb:130:in 'block in ActiveSupport::Callbacks#run_callbacks'
activesupport (8.1.3) lib/active_support/callbacks.rb:141:in 'ActiveSupport::Callbacks#run_callbacks'
actionpack (8.1.3) lib/abstract_controller/callbacks.rb:266:in 'AbstractController::Callbacks#process_action'
actionpack (8.1.3) lib/action_controller/metal/rescue.rb:36:in 'ActionController::Rescue#process_action'
actionpack (8.1.3) lib/action_controller/metal/instrumentation.rb:76:in 'block in ActionController::Instrumentation#process_action'
activesupport (8.1.3) lib/active_support/notifications.rb:210:in 'block in ActiveSupport::Notifications.instrument'
activesupport (8.1.3) lib/active_support/notifications/instrumenter.rb:58:in 'ActiveSupport::Notifications::Instrumenter#instrument'
activesupport (8.1.3) lib/active_support/notifications.rb:210:in 'ActiveSupport::Notifications.instrument'
actionpack (8.1.3) lib/action_controller/metal/instrumentation.rb:75:in 'ActionController::Instrumentation#process_action'
actionpack (8.1.3) lib/action_controller/metal/params_wrapper.rb:259:in 'ActionController::ParamsWrapper#process_action'
activerecord (8.1.3) lib/active_record/railties/controller_runtime.rb:39:in 'ActiveRecord::Railties::ControllerRuntime#process_action'
actionpack (8.1.3) lib/abstract_controller/base.rb:154:in 'AbstractController::Base#process'
actionview (8.1.3) lib/action_view/rendering.rb:40:in 'ActionView::Rendering#process'
actionpack (8.1.3) lib/action_controller/metal.rb:252:in 'ActionController::Metal#dispatch'
actionpack (8.1.3) lib/action_controller/metal.rb:335:in 'ActionController::Metal.dispatch'
actionpack (8.1.3) lib/action_dispatch/routing/route_set.rb:65:in 'ActionDispatch::Routing::RouteSet::Dispatcher#dispatch'
actionpack (8.1.3) lib/action_dispatch/routing/route_set.rb:50:in 'ActionDispatch::Routing::RouteSet::Dispatcher#serve'
actionpack (8.1.3) lib/action_dispatch/journey/router.rb:35:in 'block in ActionDispatch::Journey::Router#serve'
actionpack (8.1.3) lib/action_dispatch/journey/router.rb:86:in 'block in ActionDispatch::Journey::Router#recognize'
actionpack (8.1.3) lib/action_dispatch/journey/router.rb:66:in 'Array#each'
actionpack (8.1.3) lib/action_dispatch/journey/router.rb:66:in 'ActionDispatch::Journey::Router#recognize'
actionpack (8.1.3) lib/action_dispatch/journey/router.rb:31:in 'ActionDispatch::Journey::Router#serve'
actionpack (8.1.3) lib/action_dispatch/routing/route_set.rb:906:in 'ActionDispatch::Routing::RouteSet#call'
railties (8.1.3) lib/rails/engine/lazy_route_set.rb:60:in 'Rails::Engine::LazyRouteSet#call'
railties (8.1.3) lib/rails/engine.rb:534:in 'Rails::Engine#call'
railties (8.1.3) lib/rails/railtie.rb:225:in 'Kernel#public_send'
railties (8.1.3) lib/rails/railtie.rb:225:in 'Rails::Railtie.method_missing'
actionpack (8.1.3) lib/action_dispatch/routing/mapper.rb:33:in 'block in <class:Constraints>'
actionpack (8.1.3) lib/action_dispatch/routing/mapper.rb:62:in 'ActionDispatch::Routing::Mapper::Constraints#serve'
actionpack (8.1.3) lib/action_dispatch/journey/router.rb:35:in 'block in ActionDispatch::Journey::Router#serve'
actionpack (8.1.3) lib/action_dispatch/journey/router.rb:92:in 'block in ActionDispatch::Journey::Router#recognize'
actionpack (8.1.3) lib/action_dispatch/journey/router.rb:66:in 'Array#each'
actionpack (8.1.3) lib/action_dispatch/journey/router.rb:66:in 'ActionDispatch::Journey::Router#recognize'
actionpack (8.1.3) lib/action_dispatch/journey/router.rb:31:in 'ActionDispatch::Journey::Router#serve'
actionpack (8.1.3) lib/action_dispatch/routing/route_set.rb:906:in 'ActionDispatch::Routing::RouteSet#call'
railties (8.1.3) lib/rails/engine/lazy_route_set.rb:60:in 'Rails::Engine::LazyRouteSet#call'
rack (3.2.6) lib/rack/tempfile_reaper.rb:20:in 'Rack::TempfileReaper#call'
rack (3.2.6) lib/rack/etag.rb:29:in 'Rack::ETag#call'
rack (3.2.6) lib/rack/conditional_get.rb:31:in 'Rack::ConditionalGet#call'
rack (3.2.6) lib/rack/head.rb:15:in 'Rack::Head#call'
actionpack (8.1.3) lib/action_dispatch/http/content_security_policy.rb:38:in 'ActionDispatch::ContentSecurityPolicy::Middleware#call'
rack-session (2.1.2) lib/rack/session/abstract/id.rb:274:in 'Rack::Session::Abstract::Persisted#context'
rack-session (2.1.2) lib/rack/session/abstract/id.rb:268:in 'Rack::Session::Abstract::Persisted#call'
actionpack (8.1.3) lib/action_dispatch/middleware/cookies.rb:708:in 'ActionDispatch::Cookies#call'
activerecord (8.1.3) lib/active_record/migration.rb:671:in 'ActiveRecord::Migration::CheckPending#call'
actionpack (8.1.3) lib/action_dispatch/middleware/callbacks.rb:31:in 'block in ActionDispatch::Callbacks#call'
activesupport (8.1.3) lib/active_support/callbacks.rb:101:in 'ActiveSupport::Callbacks#run_callbacks'
actionpack (8.1.3) lib/action_dispatch/middleware/callbacks.rb:30:in 'ActionDispatch::Callbacks#call'
actionpack (8.1.3) lib/action_dispatch/middleware/executor.rb:20:in 'ActionDispatch::Executor#call'
actionpack (8.1.3) lib/action_dispatch/middleware/actionable_exceptions.rb:18:in 'ActionDispatch::ActionableExceptions#call'
actionpack (8.1.3) lib/action_dispatch/middleware/debug_exceptions.rb:31:in 'ActionDispatch::DebugExceptions#call'
actionpack (8.1.3) lib/action_dispatch/middleware/show_exceptions.rb:32:in 'ActionDispatch::ShowExceptions#call'
railties (8.1.3) lib/rails/rack/logger.rb:41:in 'Rails::Rack::Logger#call_app'
railties (8.1.3) lib/rails/rack/logger.rb:29:in 'Rails::Rack::Logger#call'
propshaft (1.3.2) lib/propshaft/quiet_assets.rb:11:in 'Propshaft::QuietAssets#call'
actionpack (8.1.3) lib/action_dispatch/middleware/remote_ip.rb:98:in 'ActionDispatch::RemoteIp#call'
actionpack (8.1.3) lib/action_dispatch/middleware/request_id.rb:34:in 'ActionDispatch::RequestId#call'
rack (3.2.6) lib/rack/method_override.rb:28:in 'Rack::MethodOverride#call'
rack (3.2.6) lib/rack/runtime.rb:24:in 'Rack::Runtime#call'
activesupport (8.1.3) lib/active_support/cache/strategy/local_cache_middleware.rb:30:in 'ActiveSupport::Cache::Strategy::LocalCache::Middleware#call'
actionpack (8.1.3) lib/action_dispatch/middleware/server_timing.rb:61:in 'block in ActionDispatch::ServerTiming#call'
actionpack (8.1.3) lib/action_dispatch/middleware/server_timing.rb:26:in 'ActionDispatch::ServerTiming::Subscriber#collect_events'
actionpack (8.1.3) lib/action_dispatch/middleware/server_timing.rb:60:in 'ActionDispatch::ServerTiming#call'
actionpack (8.1.3) lib/action_dispatch/middleware/executor.rb:20:in 'ActionDispatch::Executor#call'
propshaft (1.3.2) lib/propshaft/server.rb:37:in 'Propshaft::Server#call'
actionpack (8.1.3) lib/action_dispatch/middleware/static.rb:27:in 'ActionDispatch::Static#call'
rack (3.2.6) lib/rack/sendfile.rb:131:in 'Rack::Sendfile#call'
actionpack (8.1.3) lib/action_dispatch/middleware/host_authorization.rb:143:in 'ActionDispatch::HostAuthorization#call'
railties (8.1.3) lib/rails/engine.rb:534:in 'Rails::Engine#call'
puma (8.0.2) lib/puma/configuration.rb:305:in 'Puma::Configuration::ConfigMiddleware#call'
puma (8.0.2) lib/puma/response.rb:79:in 'block in Puma::Response#handle_request'
puma (8.0.2) lib/puma/thread_pool.rb:434:in 'Puma::ThreadPool#with_force_shutdown'
puma (8.0.2) lib/puma/response.rb:78:in 'Puma::Response#handle_request'
puma (8.0.2) lib/puma/server.rb:508:in 'Puma::Server#process_client'
puma (8.0.2) lib/puma/server.rb:263:in 'block in Puma::Server#run'
puma (8.0.2) lib/puma/thread_pool.rb:246:in 'block in Puma::ThreadPool#spawn_thread'
Started GET "/resources/promotions" for ::1 at 2026-07-22 13:36:08 +0300
Processing by Avo::PromotionsController#index as HTML
  Parameters: {"resource_name" => "promotions"}
Completed 500 Internal Server Error in 3ms (ActiveRecord: 0.1ms (0 queries, 0 cached) | GC: 0.0ms)


  
ActiveRecord::StatementInvalid (Could not find table 'promotable_promotions'):
  
activerecord (8.1.3) lib/active_record/connection_adapters/sqlite3_adapter.rb:545:in 'ActiveRecord::ConnectionAdapters::SQLite3Adapter#table_structure'
activerecord (8.1.3) lib/active_record/connection_adapters/abstract/schema_statements.rb:110:in 'ActiveRecord::ConnectionAdapters::SchemaStatements#columns'
activerecord (8.1.3) lib/active_record/connection_adapters/schema_cache.rb:345:in 'block (2 levels) in ActiveRecord::ConnectionAdapters::SchemaCache#columns'
activerecord (8.1.3) lib/active_record/connection_adapters/abstract/connection_pool.rb:463:in 'ActiveRecord::ConnectionAdapters::ConnectionPool#with_connection'
activerecord (8.1.3) lib/active_record/connection_adapters/schema_cache.rb:344:in 'block in ActiveRecord::ConnectionAdapters::SchemaCache#columns'
activerecord (8.1.3) lib/active_record/connection_adapters/schema_cache.rb:343:in 'Hash#fetch'
activerecord (8.1.3) lib/active_record/connection_adapters/schema_cache.rb:343:in 'ActiveRecord::ConnectionAdapters::SchemaCache#columns'
activerecord (8.1.3) lib/active_record/connection_adapters/schema_cache.rb:354:in 'block in ActiveRecord::ConnectionAdapters::SchemaCache#columns_hash'
activerecord (8.1.3) lib/active_record/connection_adapters/schema_cache.rb:353:in 'Hash#fetch'
activerecord (8.1.3) lib/active_record/connection_adapters/schema_cache.rb:353:in 'ActiveRecord::ConnectionAdapters::SchemaCache#columns_hash'
activerecord (8.1.3) lib/active_record/connection_adapters/schema_cache.rb:54:in 'ActiveRecord::ConnectionAdapters::SchemaReflection#columns_hash'
activerecord (8.1.3) lib/active_record/connection_adapters/schema_cache.rb:198:in 'ActiveRecord::ConnectionAdapters::BoundSchemaReflection#columns_hash'
activerecord (8.1.3) lib/active_record/model_schema.rb:609:in 'ActiveRecord::ModelSchema::ClassMethods#load_schema!'
activerecord (8.1.3) lib/active_record/counter_cache.rb:212:in 'ActiveRecord::CounterCache::ClassMethods#load_schema!'
activerecord (8.1.3) lib/active_record/encryption/encryptable_record.rb:127:in 'ActiveRecord::Encryption::EncryptableRecord::ClassMethods#load_schema!'
activerecord (8.1.3) lib/active_record/model_schema.rb:555:in 'block in ActiveRecord::ModelSchema::ClassMethods#load_schema'
activerecord (8.1.3) lib/active_record/model_schema.rb:552:in 'Monitor#synchronize'
activerecord (8.1.3) lib/active_record/model_schema.rb:552:in 'ActiveRecord::ModelSchema::ClassMethods#load_schema'
activerecord (8.1.3) lib/active_record/model_schema.rb:444:in 'ActiveRecord::ModelSchema::ClassMethods#columns_hash'
activerecord (8.1.3) lib/active_record/model_schema.rb:449:in 'ActiveRecord::ModelSchema::ClassMethods#columns'
activerecord (8.1.3) lib/active_record/model_schema.rb:495:in 'ActiveRecord::ModelSchema::ClassMethods#column_names'
avo (4.0.15) lib/avo/resources/base.rb:737:in 'Avo::Resources::Base#sort_by_param'
avo (4.0.15) app/controllers/avo/base_controller.rb:354:in 'Avo::BaseController#set_sorting_params'
avo (4.0.15) app/controllers/avo/base_controller.rb:346:in 'Avo::BaseController#set_index_params'
avo (4.0.15) app/controllers/avo/base_controller.rb:35:in 'Avo::BaseController#index'
actionpack (8.1.3) lib/action_controller/metal/basic_implicit_render.rb:8:in 'ActionController::BasicImplicitRender#send_action'
actionpack (8.1.3) lib/abstract_controller/base.rb:221:in 'AbstractController::Base#process_action'
actionpack (8.1.3) lib/action_controller/metal/rendering.rb:199:in 'ActionController::Rendering#process_action'
actionpack (8.1.3) lib/abstract_controller/callbacks.rb:267:in 'block in AbstractController::Callbacks#process_action'
activesupport (8.1.3) lib/active_support/callbacks.rb:121:in 'block in ActiveSupport::Callbacks#run_callbacks'
i18n (1.15.2) lib/i18n.rb:383:in 'I18n::Base#with_locale'
avo (4.0.15) app/controllers/avo/base_application_controller.rb:272:in 'Avo::BaseApplicationController#set_avo_locale'
activesupport (8.1.3) lib/active_support/callbacks.rb:130:in 'block in ActiveSupport::Callbacks#run_callbacks'
turbo-rails (2.0.23) lib/turbo-rails.rb:24:in 'Turbo.with_request_id'
turbo-rails (2.0.23) app/controllers/concerns/turbo/request_id_tracking.rb:10:in 'Turbo::RequestIdTracking#turbo_tracking_request_id'
activesupport (8.1.3) lib/active_support/callbacks.rb:130:in 'block in ActiveSupport::Callbacks#run_callbacks'
activesupport (8.1.3) lib/active_support/callbacks.rb:141:in 'ActiveSupport::Callbacks#run_callbacks'
actionpack (8.1.3) lib/abstract_controller/callbacks.rb:266:in 'AbstractController::Callbacks#process_action'
actionpack (8.1.3) lib/action_controller/metal/rescue.rb:36:in 'ActionController::Rescue#process_action'
actionpack (8.1.3) lib/action_controller/metal/instrumentation.rb:76:in 'block in ActionController::Instrumentation#process_action'
activesupport (8.1.3) lib/active_support/notifications.rb:210:in 'block in ActiveSupport::Notifications.instrument'
activesupport (8.1.3) lib/active_support/notifications/instrumenter.rb:58:in 'ActiveSupport::Notifications::Instrumenter#instrument'
activesupport (8.1.3) lib/active_support/notifications.rb:210:in 'ActiveSupport::Notifications.instrument'
actionpack (8.1.3) lib/action_controller/metal/instrumentation.rb:75:in 'ActionController::Instrumentation#process_action'
actionpack (8.1.3) lib/action_controller/metal/params_wrapper.rb:259:in 'ActionController::ParamsWrapper#process_action'
activerecord (8.1.3) lib/active_record/railties/controller_runtime.rb:39:in 'ActiveRecord::Railties::ControllerRuntime#process_action'
actionpack (8.1.3) lib/abstract_controller/base.rb:154:in 'AbstractController::Base#process'
actionview (8.1.3) lib/action_view/rendering.rb:40:in 'ActionView::Rendering#process'
actionpack (8.1.3) lib/action_controller/metal.rb:252:in 'ActionController::Metal#dispatch'
actionpack (8.1.3) lib/action_controller/metal.rb:335:in 'ActionController::Metal.dispatch'
actionpack (8.1.3) lib/action_dispatch/routing/route_set.rb:65:in 'ActionDispatch::Routing::RouteSet::Dispatcher#dispatch'
actionpack (8.1.3) lib/action_dispatch/routing/route_set.rb:50:in 'ActionDispatch::Routing::RouteSet::Dispatcher#serve'
actionpack (8.1.3) lib/action_dispatch/journey/router.rb:35:in 'block in ActionDispatch::Journey::Router#serve'
actionpack (8.1.3) lib/action_dispatch/journey/router.rb:86:in 'block in ActionDispatch::Journey::Router#recognize'
actionpack (8.1.3) lib/action_dispatch/journey/router.rb:66:in 'Array#each'
actionpack (8.1.3) lib/action_dispatch/journey/router.rb:66:in 'ActionDispatch::Journey::Router#recognize'
actionpack (8.1.3) lib/action_dispatch/journey/router.rb:31:in 'ActionDispatch::Journey::Router#serve'
actionpack (8.1.3) lib/action_dispatch/routing/route_set.rb:906:in 'ActionDispatch::Routing::RouteSet#call'
railties (8.1.3) lib/rails/engine/lazy_route_set.rb:60:in 'Rails::Engine::LazyRouteSet#call'
railties (8.1.3) lib/rails/engine.rb:534:in 'Rails::Engine#call'
railties (8.1.3) lib/rails/railtie.rb:225:in 'Kernel#public_send'
railties (8.1.3) lib/rails/railtie.rb:225:in 'Rails::Railtie.method_missing'
actionpack (8.1.3) lib/action_dispatch/routing/mapper.rb:33:in 'block in <class:Constraints>'
actionpack (8.1.3) lib/action_dispatch/routing/mapper.rb:62:in 'ActionDispatch::Routing::Mapper::Constraints#serve'
actionpack (8.1.3) lib/action_dispatch/journey/router.rb:35:in 'block in ActionDispatch::Journey::Router#serve'
actionpack (8.1.3) lib/action_dispatch/journey/router.rb:92:in 'block in ActionDispatch::Journey::Router#recognize'
actionpack (8.1.3) lib/action_dispatch/journey/router.rb:66:in 'Array#each'
actionpack (8.1.3) lib/action_dispatch/journey/router.rb:66:in 'ActionDispatch::Journey::Router#recognize'
actionpack (8.1.3) lib/action_dispatch/journey/router.rb:31:in 'ActionDispatch::Journey::Router#serve'
actionpack (8.1.3) lib/action_dispatch/routing/route_set.rb:906:in 'ActionDispatch::Routing::RouteSet#call'
railties (8.1.3) lib/rails/engine/lazy_route_set.rb:60:in 'Rails::Engine::LazyRouteSet#call'
rack (3.2.6) lib/rack/tempfile_reaper.rb:20:in 'Rack::TempfileReaper#call'
rack (3.2.6) lib/rack/etag.rb:29:in 'Rack::ETag#call'
rack (3.2.6) lib/rack/conditional_get.rb:31:in 'Rack::ConditionalGet#call'
rack (3.2.6) lib/rack/head.rb:15:in 'Rack::Head#call'
actionpack (8.1.3) lib/action_dispatch/http/content_security_policy.rb:38:in 'ActionDispatch::ContentSecurityPolicy::Middleware#call'
rack-session (2.1.2) lib/rack/session/abstract/id.rb:274:in 'Rack::Session::Abstract::Persisted#context'
rack-session (2.1.2) lib/rack/session/abstract/id.rb:268:in 'Rack::Session::Abstract::Persisted#call'
actionpack (8.1.3) lib/action_dispatch/middleware/cookies.rb:708:in 'ActionDispatch::Cookies#call'
activerecord (8.1.3) lib/active_record/migration.rb:671:in 'ActiveRecord::Migration::CheckPending#call'
actionpack (8.1.3) lib/action_dispatch/middleware/callbacks.rb:31:in 'block in ActionDispatch::Callbacks#call'
activesupport (8.1.3) lib/active_support/callbacks.rb:101:in 'ActiveSupport::Callbacks#run_callbacks'
actionpack (8.1.3) lib/action_dispatch/middleware/callbacks.rb:30:in 'ActionDispatch::Callbacks#call'
actionpack (8.1.3) lib/action_dispatch/middleware/executor.rb:20:in 'ActionDispatch::Executor#call'
actionpack (8.1.3) lib/action_dispatch/middleware/actionable_exceptions.rb:18:in 'ActionDispatch::ActionableExceptions#call'
actionpack (8.1.3) lib/action_dispatch/middleware/debug_exceptions.rb:31:in 'ActionDispatch::DebugExceptions#call'
actionpack (8.1.3) lib/action_dispatch/middleware/show_exceptions.rb:32:in 'ActionDispatch::ShowExceptions#call'
railties (8.1.3) lib/rails/rack/logger.rb:41:in 'Rails::Rack::Logger#call_app'
railties (8.1.3) lib/rails/rack/logger.rb:29:in 'Rails::Rack::Logger#call'
propshaft (1.3.2) lib/propshaft/quiet_assets.rb:11:in 'Propshaft::QuietAssets#call'
actionpack (8.1.3) lib/action_dispatch/middleware/remote_ip.rb:98:in 'ActionDispatch::RemoteIp#call'
actionpack (8.1.3) lib/action_dispatch/middleware/request_id.rb:34:in 'ActionDispatch::RequestId#call'
rack (3.2.6) lib/rack/method_override.rb:28:in 'Rack::MethodOverride#call'
rack (3.2.6) lib/rack/runtime.rb:24:in 'Rack::Runtime#call'
activesupport (8.1.3) lib/active_support/cache/strategy/local_cache_middleware.rb:30:in 'ActiveSupport::Cache::Strategy::LocalCache::Middleware#call'
actionpack (8.1.3) lib/action_dispatch/middleware/server_timing.rb:61:in 'block in ActionDispatch::ServerTiming#call'
actionpack (8.1.3) lib/action_dispatch/middleware/server_timing.rb:26:in 'ActionDispatch::ServerTiming::Subscriber#collect_events'
actionpack (8.1.3) lib/action_dispatch/middleware/server_timing.rb:60:in 'ActionDispatch::ServerTiming#call'
actionpack (8.1.3) lib/action_dispatch/middleware/executor.rb:20:in 'ActionDispatch::Executor#call'
propshaft (1.3.2) lib/propshaft/server.rb:37:in 'Propshaft::Server#call'
actionpack (8.1.3) lib/action_dispatch/middleware/static.rb:27:in 'ActionDispatch::Static#call'
rack (3.2.6) lib/rack/sendfile.rb:131:in 'Rack::Sendfile#call'
actionpack (8.1.3) lib/action_dispatch/middleware/host_authorization.rb:143:in 'ActionDispatch::HostAuthorization#call'
railties (8.1.3) lib/rails/engine.rb:534:in 'Rails::Engine#call'
puma (8.0.2) lib/puma/configuration.rb:305:in 'Puma::Configuration::ConfigMiddleware#call'
puma (8.0.2) lib/puma/response.rb:79:in 'block in Puma::Response#handle_request'
puma (8.0.2) lib/puma/thread_pool.rb:434:in 'Puma::ThreadPool#with_force_shutdown'
puma (8.0.2) lib/puma/response.rb:78:in 'Puma::Response#handle_request'
puma (8.0.2) lib/puma/server.rb:508:in 'Puma::Server#process_client'
puma (8.0.2) lib/puma/server.rb:263:in 'block in Puma::Server#run'
puma (8.0.2) lib/puma/thread_pool.rb:246:in 'block in Puma::ThreadPool#spawn_thread'
Started GET "/resources/users" for ::1 at 2026-07-22 13:37:11 +0300
Processing by Avo::UsersController#index as HTML
  Parameters: {"resource_name" => "users"}
  [1m[36mUser Count (0.1ms)[0m  [1m[34mSELECT COUNT(*) FROM "users" /*action='index',application='Dummy',controller='users'*/[0m
  [1m[36mUser Load (0.1ms)[0m  [1m[34mSELECT "users".* FROM "users" ORDER BY users.created_at desc LIMIT 24 OFFSET 0 /*action='index',application='Dummy',controller='users'*/[0m
  Rendering layout /home/mego/.rbenv/versions/4.0.1/lib/ruby/gems/4.0.0/gems/avo-4.0.15/app/views/layouts/avo/application.html.erb
  Rendering /home/mego/.rbenv/versions/4.0.1/lib/ruby/gems/4.0.0/gems/avo-4.0.15/app/views/avo/base/index.html.erb within layouts/avo/application
  Rendered /home/mego/.rbenv/versions/4.0.1/lib/ruby/gems/4.0.0/gems/avo-4.0.15/app/views/avo/base/index.html.erb within layouts/avo/application (Duration: 26.0ms | GC: 0.3ms)
  Rendered /home/mego/.rbenv/versions/4.0.1/lib/ruby/gems/4.0.0/gems/avo-4.0.15/app/views/avo/partials/_javascript.html.erb (Duration: 0.7ms | GC: 0.0ms)
  Rendered /home/mego/.rbenv/versions/4.0.1/lib/ruby/gems/4.0.0/gems/avo-4.0.15/app/views/avo/partials/_appearance.html.erb (Duration: 0.4ms | GC: 0.0ms)
  Rendered /home/mego/.rbenv/versions/4.0.1/lib/ruby/gems/4.0.0/gems/avo-4.0.15/app/views/avo/partials/_pre_head.html.erb (Duration: 0.1ms | GC: 0.0ms)
  Rendered /home/mego/.rbenv/versions/4.0.1/lib/ruby/gems/4.0.0/gems/avo-4.0.15/app/views/avo/partials/_head.html.erb (Duration: 0.1ms | GC: 0.0ms)
  Rendered /home/mego/.rbenv/versions/4.0.1/lib/ruby/gems/4.0.0/gems/avo-4.0.15/app/views/avo/partials/_color_theme_override.html.erb (Duration: 0.2ms | GC: 0.0ms)
  Rendered /home/mego/.rbenv/versions/4.0.1/lib/ruby/gems/4.0.0/gems/avo-4.0.15/app/views/avo/partials/_appearance_overrides.html.erb (Duration: 0.1ms | GC: 0.0ms)
  Rendered /home/mego/.rbenv/versions/4.0.1/lib/ruby/gems/4.0.0/gems/avo-4.0.15/app/views/avo/partials/_logo.html.erb (Duration: 0.5ms | GC: 0.0ms)
  Rendered /home/mego/.rbenv/versions/4.0.1/lib/ruby/gems/4.0.0/gems/avo-4.0.15/app/views/avo/partials/_header.html.erb (Duration: 7.2ms | GC: 0.1ms)
  Rendered /home/mego/.rbenv/versions/4.0.1/lib/ruby/gems/4.0.0/gems/avo-4.0.15/app/views/avo/partials/_switcher_inline.html.erb (Duration: 7.5ms | GC: 0.1ms)
  Rendered /home/mego/.rbenv/versions/4.0.1/lib/ruby/gems/4.0.0/gems/avo-4.0.15/app/views/avo/partials/_switcher_dropdown.html.erb (Duration: 3.4ms | GC: 0.1ms)
  Rendered /home/mego/.rbenv/versions/4.0.1/lib/ruby/gems/4.0.0/gems/avo-4.0.15/app/views/avo/partials/_color_scheme_switcher.html.erb (Duration: 12.2ms | GC: 0.2ms)
  Rendered /home/mego/.rbenv/versions/4.0.1/lib/ruby/gems/4.0.0/gems/avo-4.0.15/app/views/avo/partials/_navbar.html.erb (Duration: 21.9ms | GC: 0.3ms)
  Rendered /home/mego/.rbenv/versions/4.0.1/lib/ruby/gems/4.0.0/gems/avo-4.0.15/app/views/avo/partials/_sidebar_extra.html.erb (Duration: 0.2ms | GC: 0.0ms)
  Rendered /home/mego/.rbenv/versions/4.0.1/lib/ruby/gems/4.0.0/gems/avo-4.0.15/app/views/avo/partials/_profile_menu_extra.html.erb (Duration: 0.2ms | GC: 0.0ms)
  Rendered /home/mego/.rbenv/versions/4.0.1/lib/ruby/gems/4.0.0/gems/avo-4.0.15/app/views/avo/partials/_sidebar_extra.html.erb (Duration: 0.0ms | GC: 0.0ms)
  Rendered /home/mego/.rbenv/versions/4.0.1/lib/ruby/gems/4.0.0/gems/avo-4.0.15/app/views/avo/partials/_profile_menu_extra.html.erb (Duration: 0.0ms | GC: 0.0ms)
  Rendered /home/mego/.rbenv/versions/4.0.1/lib/ruby/gems/4.0.0/gems/avo-4.0.15/app/views/avo/partials/_custom_tools_alert.html.erb (Duration: 0.3ms | GC: 0.0ms)
  Rendered /home/mego/.rbenv/versions/4.0.1/lib/ruby/gems/4.0.0/gems/avo-4.0.15/app/views/avo/partials/_footer.html.erb (Duration: 0.2ms | GC: 0.0ms)
  Rendered /home/mego/.rbenv/versions/4.0.1/lib/ruby/gems/4.0.0/gems/avo-4.0.15/app/views/avo/partials/_all_alerts.html.erb (Duration: 2.0ms | GC: 0.0ms)
  Rendered /home/mego/.rbenv/versions/4.0.1/lib/ruby/gems/4.0.0/gems/avo-4.0.15/app/views/avo/partials/_alerts.html.erb (Duration: 2.4ms | GC: 0.0ms)
  Rendered /home/mego/.rbenv/versions/4.0.1/lib/ruby/gems/4.0.0/gems/avo-4.0.15/app/views/avo/partials/_scripts.html.erb (Duration: 0.2ms | GC: 0.0ms)
  Rendered /home/mego/.rbenv/versions/4.0.1/lib/ruby/gems/4.0.0/gems/avo-4.0.15/app/views/avo/partials/_confirm_dialog.html.erb (Duration: 0.5ms | GC: 0.0ms)
  Rendered layout /home/mego/.rbenv/versions/4.0.1/lib/ruby/gems/4.0.0/gems/avo-4.0.15/app/views/layouts/avo/application.html.erb (Duration: 95.1ms | GC: 0.8ms)
Completed 200 OK in 111ms (Views: 95.8ms | ActiveRecord: 0.8ms (2 queries, 0 cached) | GC: 1.0ms)


Started GET "/promotable/resources/users/new" for ::1 at 2026-07-22 13:37:13 +0300
Processing by Avo::UsersController#new as HTML
  Parameters: {"resource_name" => "users"}
  Rendering layout /home/mego/.rbenv/versions/4.0.1/lib/ruby/gems/4.0.0/gems/avo-4.0.15/app/views/layouts/avo/application.html.erb
  Rendering /home/mego/.rbenv/versions/4.0.1/lib/ruby/gems/4.0.0/gems/avo-4.0.15/app/views/avo/base/new.html.erb within layouts/avo/application
  Rendered /home/mego/.rbenv/versions/4.0.1/lib/ruby/gems/4.0.0/gems/avo-4.0.15/app/views/avo/base/new.html.erb within layouts/avo/application (Duration: 21.7ms | GC: 0.0ms)
  Rendered /home/mego/.rbenv/versions/4.0.1/lib/ruby/gems/4.0.0/gems/avo-4.0.15/app/views/avo/partials/_javascript.html.erb (Duration: 0.2ms | GC: 0.0ms)
  Rendered /home/mego/.rbenv/versions/4.0.1/lib/ruby/gems/4.0.0/gems/avo-4.0.15/app/views/avo/partials/_appearance.html.erb (Duration: 0.1ms | GC: 0.0ms)
  Rendered /home/mego/.rbenv/versions/4.0.1/lib/ruby/gems/4.0.0/gems/avo-4.0.15/app/views/avo/partials/_pre_head.html.erb (Duration: 0.0ms | GC: 0.0ms)
  Rendered /home/mego/.rbenv/versions/4.0.1/lib/ruby/gems/4.0.0/gems/avo-4.0.15/app/views/avo/partials/_head.html.erb (Duration: 0.0ms | GC: 0.0ms)
  Rendered /home/mego/.rbenv/versions/4.0.1/lib/ruby/gems/4.0.0/gems/avo-4.0.15/app/views/avo/partials/_color_theme_override.html.erb (Duration: 0.0ms | GC: 0.0ms)
  Rendered /home/mego/.rbenv/versions/4.0.1/lib/ruby/gems/4.0.0/gems/avo-4.0.15/app/views/avo/partials/_appearance_overrides.html.erb (Duration: 0.0ms | GC: 0.0ms)
  Rendered /home/mego/.rbenv/versions/4.0.1/lib/ruby/gems/4.0.0/gems/avo-4.0.15/app/views/avo/partials/_logo.html.erb (Duration: 0.3ms | GC: 0.0ms)
  Rendered /home/mego/.rbenv/versions/4.0.1/lib/ruby/gems/4.0.0/gems/avo-4.0.15/app/views/avo/partials/_header.html.erb (Duration: 2.4ms | GC: 0.0ms)
  Rendered /home/mego/.rbenv/versions/4.0.1/lib/ruby/gems/4.0.0/gems/avo-4.0.15/app/views/avo/partials/_switcher_inline.html.erb (Duration: 3.1ms | GC: 0.0ms)
  Rendered /home/mego/.rbenv/versions/4.0.1/lib/ruby/gems/4.0.0/gems/avo-4.0.15/app/views/avo/partials/_switcher_dropdown.html.erb (Duration: 1.9ms | GC: 0.0ms)
  Rendered /home/mego/.rbenv/versions/4.0.1/lib/ruby/gems/4.0.0/gems/avo-4.0.15/app/views/avo/partials/_color_scheme_switcher.html.erb (Duration: 5.4ms | GC: 0.0ms)
  Rendered /home/mego/.rbenv/versions/4.0.1/lib/ruby/gems/4.0.0/gems/avo-4.0.15/app/views/avo/partials/_navbar.html.erb (Duration: 9.0ms | GC: 0.0ms)
  Rendered /home/mego/.rbenv/versions/4.0.1/lib/ruby/gems/4.0.0/gems/avo-4.0.15/app/views/avo/partials/_sidebar_extra.html.erb (Duration: 0.0ms | GC: 0.0ms)
  Rendered /home/mego/.rbenv/versions/4.0.1/lib/ruby/gems/4.0.0/gems/avo-4.0.15/app/views/avo/partials/_profile_menu_extra.html.erb (Duration: 0.0ms | GC: 0.0ms)
  Rendered /home/mego/.rbenv/versions/4.0.1/lib/ruby/gems/4.0.0/gems/avo-4.0.15/app/views/avo/partials/_sidebar_extra.html.erb (Duration: 0.0ms | GC: 0.0ms)
  Rendered /home/mego/.rbenv/versions/4.0.1/lib/ruby/gems/4.0.0/gems/avo-4.0.15/app/views/avo/partials/_profile_menu_extra.html.erb (Duration: 0.0ms | GC: 0.0ms)
  Rendered /home/mego/.rbenv/versions/4.0.1/lib/ruby/gems/4.0.0/gems/avo-4.0.15/app/views/avo/partials/_custom_tools_alert.html.erb (Duration: 0.0ms | GC: 0.0ms)
  Rendered /home/mego/.rbenv/versions/4.0.1/lib/ruby/gems/4.0.0/gems/avo-4.0.15/app/views/avo/partials/_footer.html.erb (Duration: 0.0ms | GC: 0.0ms)
  Rendered /home/mego/.rbenv/versions/4.0.1/lib/ruby/gems/4.0.0/gems/avo-4.0.15/app/views/avo/partials/_all_alerts.html.erb (Duration: 0.5ms | GC: 0.0ms)
  Rendered /home/mego/.rbenv/versions/4.0.1/lib/ruby/gems/4.0.0/gems/avo-4.0.15/app/views/avo/partials/_alerts.html.erb (Duration: 0.7ms | GC: 0.0ms)
  Rendered /home/mego/.rbenv/versions/4.0.1/lib/ruby/gems/4.0.0/gems/avo-4.0.15/app/views/avo/partials/_scripts.html.erb (Duration: 0.0ms | GC: 0.0ms)
  Rendered /home/mego/.rbenv/versions/4.0.1/lib/ruby/gems/4.0.0/gems/avo-4.0.15/app/views/avo/partials/_confirm_dialog.html.erb (Duration: 0.3ms | GC: 0.0ms)
  Rendered layout /home/mego/.rbenv/versions/4.0.1/lib/ruby/gems/4.0.0/gems/avo-4.0.15/app/views/layouts/avo/application.html.erb (Duration: 53.8ms | GC: 4.6ms)
Completed 200 OK in 62ms (Views: 54.2ms | ActiveRecord: 0.3ms (0 queries, 0 cached) | GC: 4.6ms)


Started GET "/promotable/resources/users" for ::1 at 2026-07-22 13:37:15 +0300
Processing by Avo::UsersController#index as HTML
  Parameters: {"resource_name" => "users"}
  [1m[36mUser Count (0.1ms)[0m  [1m[34mSELECT COUNT(*) FROM "users" /*action='index',application='Dummy',controller='users'*/[0m
  [1m[36mUser Load (0.1ms)[0m  [1m[34mSELECT "users".* FROM "users" ORDER BY users.created_at desc LIMIT 24 OFFSET 0 /*action='index',application='Dummy',controller='users'*/[0m
  Rendering layout /home/mego/.rbenv/versions/4.0.1/lib/ruby/gems/4.0.0/gems/avo-4.0.15/app/views/layouts/avo/application.html.erb
  Rendering /home/mego/.rbenv/versions/4.0.1/lib/ruby/gems/4.0.0/gems/avo-4.0.15/app/views/avo/base/index.html.erb within layouts/avo/application
  Rendered /home/mego/.rbenv/versions/4.0.1/lib/ruby/gems/4.0.0/gems/avo-4.0.15/app/views/avo/base/index.html.erb within layouts/avo/application (Duration: 11.9ms | GC: 0.4ms)
  Rendered /home/mego/.rbenv/versions/4.0.1/lib/ruby/gems/4.0.0/gems/avo-4.0.15/app/views/avo/partials/_javascript.html.erb (Duration: 0.3ms | GC: 0.0ms)
  Rendered /home/mego/.rbenv/versions/4.0.1/lib/ruby/gems/4.0.0/gems/avo-4.0.15/app/views/avo/partials/_appearance.html.erb (Duration: 0.1ms | GC: 0.0ms)
  Rendered /home/mego/.rbenv/versions/4.0.1/lib/ruby/gems/4.0.0/gems/avo-4.0.15/app/views/avo/partials/_pre_head.html.erb (Duration: 0.0ms | GC: 0.0ms)
  Rendered /home/mego/.rbenv/versions/4.0.1/lib/ruby/gems/4.0.0/gems/avo-4.0.15/app/views/avo/partials/_head.html.erb (Duration: 0.0ms | GC: 0.0ms)
  Rendered /home/mego/.rbenv/versions/4.0.1/lib/ruby/gems/4.0.0/gems/avo-4.0.15/app/views/avo/partials/_color_theme_override.html.erb (Duration: 0.0ms | GC: 0.0ms)
  Rendered /home/mego/.rbenv/versions/4.0.1/lib/ruby/gems/4.0.0/gems/avo-4.0.15/app/views/avo/partials/_appearance_overrides.html.erb (Duration: 0.0ms | GC: 0.0ms)
  Rendered /home/mego/.rbenv/versions/4.0.1/lib/ruby/gems/4.0.0/gems/avo-4.0.15/app/views/avo/partials/_logo.html.erb (Duration: 0.4ms | GC: 0.0ms)
  Rendered /home/mego/.rbenv/versions/4.0.1/lib/ruby/gems/4.0.0/gems/avo-4.0.15/app/views/avo/partials/_header.html.erb (Duration: 2.6ms | GC: 0.0ms)
  Rendered /home/mego/.rbenv/versions/4.0.1/lib/ruby/gems/4.0.0/gems/avo-4.0.15/app/views/avo/partials/_switcher_inline.html.erb (Duration: 3.8ms | GC: 0.3ms)
  Rendered /home/mego/.rbenv/versions/4.0.1/lib/ruby/gems/4.0.0/gems/avo-4.0.15/app/views/avo/partials/_switcher_dropdown.html.erb (Duration: 2.6ms | GC: 0.3ms)
  Rendered /home/mego/.rbenv/versions/4.0.1/lib/ruby/gems/4.0.0/gems/avo-4.0.15/app/views/avo/partials/_color_scheme_switcher.html.erb (Duration: 6.8ms | GC: 0.5ms)
  Rendered /home/mego/.rbenv/versions/4.0.1/lib/ruby/gems/4.0.0/gems/avo-4.0.15/app/views/avo/partials/_navbar.html.erb (Duration: 11.0ms | GC: 0.5ms)
  Rendered /home/mego/.rbenv/versions/4.0.1/lib/ruby/gems/4.0.0/gems/avo-4.0.15/app/views/avo/partials/_sidebar_extra.html.erb (Duration: 0.0ms | GC: 0.0ms)
  Rendered /home/mego/.rbenv/versions/4.0.1/lib/ruby/gems/4.0.0/gems/avo-4.0.15/app/views/avo/partials/_profile_menu_extra.html.erb (Duration: 0.0ms | GC: 0.0ms)
  Rendered /home/mego/.rbenv/versions/4.0.1/lib/ruby/gems/4.0.0/gems/avo-4.0.15/app/views/avo/partials/_sidebar_extra.html.erb (Duration: 0.0ms | GC: 0.0ms)
  Rendered /home/mego/.rbenv/versions/4.0.1/lib/ruby/gems/4.0.0/gems/avo-4.0.15/app/views/avo/partials/_profile_menu_extra.html.erb (Duration: 0.0ms | GC: 0.0ms)
  Rendered /home/mego/.rbenv/versions/4.0.1/lib/ruby/gems/4.0.0/gems/avo-4.0.15/app/views/avo/partials/_custom_tools_alert.html.erb (Duration: 0.0ms | GC: 0.0ms)
  Rendered /home/mego/.rbenv/versions/4.0.1/lib/ruby/gems/4.0.0/gems/avo-4.0.15/app/views/avo/partials/_footer.html.erb (Duration: 0.0ms | GC: 0.0ms)
  Rendered /home/mego/.rbenv/versions/4.0.1/lib/ruby/gems/4.0.0/gems/avo-4.0.15/app/views/avo/partials/_all_alerts.html.erb (Duration: 1.4ms | GC: 0.7ms)
  Rendered /home/mego/.rbenv/versions/4.0.1/lib/ruby/gems/4.0.0/gems/avo-4.0.15/app/views/avo/partials/_alerts.html.erb (Duration: 1.5ms | GC: 0.7ms)
  Rendered /home/mego/.rbenv/versions/4.0.1/lib/ruby/gems/4.0.0/gems/avo-4.0.15/app/views/avo/partials/_scripts.html.erb (Duration: 0.0ms | GC: 0.0ms)
  Rendered /home/mego/.rbenv/versions/4.0.1/lib/ruby/gems/4.0.0/gems/avo-4.0.15/app/views/avo/partials/_confirm_dialog.html.erb (Duration: 0.7ms | GC: 0.0ms)
  Rendered layout /home/mego/.rbenv/versions/4.0.1/lib/ruby/gems/4.0.0/gems/avo-4.0.15/app/views/layouts/avo/application.html.erb (Duration: 46.6ms | GC: 2.7ms)
Completed 200 OK in 56ms (Views: 47.8ms | ActiveRecord: 0.2ms (2 queries, 0 cached) | GC: 3.7ms)


Started GET "/promotable/" for ::1 at 2026-07-22 13:37:16 +0300
Processing by Avo::HomeController#index as HTML
  Rendering layout /home/mego/.rbenv/versions/4.0.1/lib/ruby/gems/4.0.0/gems/avo-4.0.15/app/views/layouts/avo/application.html.erb
  Rendering /home/mego/.rbenv/versions/4.0.1/lib/ruby/gems/4.0.0/gems/avo-4.0.15/app/views/avo/home/index.html.erb within layouts/avo/application
  Rendered /home/mego/.rbenv/versions/4.0.1/lib/ruby/gems/4.0.0/gems/avo-4.0.15/app/views/avo/home/_resources.html.erb (Duration: 0.8ms | GC: 0.0ms)
  Rendered /home/mego/.rbenv/versions/4.0.1/lib/ruby/gems/4.0.0/gems/avo-4.0.15/app/views/avo/home/_dashboards.html.erb (Duration: 0.3ms | GC: 0.0ms)
  Rendered /home/mego/.rbenv/versions/4.0.1/lib/ruby/gems/4.0.0/gems/avo-4.0.15/app/views/avo/home/_filters.html.erb (Duration: 0.3ms | GC: 0.0ms)
  Rendered /home/mego/.rbenv/versions/4.0.1/lib/ruby/gems/4.0.0/gems/avo-4.0.15/app/views/avo/home/_actions.html.erb (Duration: 0.3ms | GC: 0.0ms)
  Rendered /home/mego/.rbenv/versions/4.0.1/lib/ruby/gems/4.0.0/gems/avo-4.0.15/app/views/avo/home/_docs.html.erb (Duration: 0.2ms | GC: 0.0ms)
  Rendered /home/mego/.rbenv/versions/4.0.1/lib/ruby/gems/4.0.0/gems/avo-4.0.15/app/views/avo/home/index.html.erb within layouts/avo/application (Duration: 13.0ms | GC: 0.7ms)
  Rendered /home/mego/.rbenv/versions/4.0.1/lib/ruby/gems/4.0.0/gems/avo-4.0.15/app/views/avo/partials/_javascript.html.erb (Duration: 0.5ms | GC: 0.0ms)
  Rendered /home/mego/.rbenv/versions/4.0.1/lib/ruby/gems/4.0.0/gems/avo-4.0.15/app/views/avo/partials/_appearance.html.erb (Duration: 0.3ms | GC: 0.0ms)
  Rendered /home/mego/.rbenv/versions/4.0.1/lib/ruby/gems/4.0.0/gems/avo-4.0.15/app/views/avo/partials/_pre_head.html.erb (Duration: 0.0ms | GC: 0.0ms)
  Rendered /home/mego/.rbenv/versions/4.0.1/lib/ruby/gems/4.0.0/gems/avo-4.0.15/app/views/avo/partials/_head.html.erb (Duration: 0.0ms | GC: 0.0ms)
  Rendered /home/mego/.rbenv/versions/4.0.1/lib/ruby/gems/4.0.0/gems/avo-4.0.15/app/views/avo/partials/_color_theme_override.html.erb (Duration: 0.1ms | GC: 0.0ms)
  Rendered /home/mego/.rbenv/versions/4.0.1/lib/ruby/gems/4.0.0/gems/avo-4.0.15/app/views/avo/partials/_appearance_overrides.html.erb (Duration: 0.0ms | GC: 0.0ms)
  Rendered /home/mego/.rbenv/versions/4.0.1/lib/ruby/gems/4.0.0/gems/avo-4.0.15/app/views/avo/partials/_logo.html.erb (Duration: 0.3ms | GC: 0.0ms)
  Rendered /home/mego/.rbenv/versions/4.0.1/lib/ruby/gems/4.0.0/gems/avo-4.0.15/app/views/avo/partials/_header.html.erb (Duration: 3.5ms | GC: 0.0ms)
  Rendered /home/mego/.rbenv/versions/4.0.1/lib/ruby/gems/4.0.0/gems/avo-4.0.15/app/views/avo/partials/_switcher_inline.html.erb (Duration: 3.2ms | GC: 0.3ms)
  Rendered /home/mego/.rbenv/versions/4.0.1/lib/ruby/gems/4.0.0/gems/avo-4.0.15/app/views/avo/partials/_switcher_dropdown.html.erb (Duration: 2.7ms | GC: 0.0ms)
  Rendered /home/mego/.rbenv/versions/4.0.1/lib/ruby/gems/4.0.0/gems/avo-4.0.15/app/views/avo/partials/_color_scheme_switcher.html.erb (Duration: 6.4ms | GC: 0.3ms)
  Rendered /home/mego/.rbenv/versions/4.0.1/lib/ruby/gems/4.0.0/gems/avo-4.0.15/app/views/avo/partials/_navbar.html.erb (Duration: 11.4ms | GC: 0.3ms)
  Rendered /home/mego/.rbenv/versions/4.0.1/lib/ruby/gems/4.0.0/gems/avo-4.0.15/app/views/avo/partials/_sidebar_extra.html.erb (Duration: 0.0ms | GC: 0.0ms)
  Rendered /home/mego/.rbenv/versions/4.0.1/lib/ruby/gems/4.0.0/gems/avo-4.0.15/app/views/avo/partials/_profile_menu_extra.html.erb (Duration: 0.0ms | GC: 0.0ms)
  Rendered /home/mego/.rbenv/versions/4.0.1/lib/ruby/gems/4.0.0/gems/avo-4.0.15/app/views/avo/partials/_sidebar_extra.html.erb (Duration: 0.0ms | GC: 0.0ms)
  Rendered /home/mego/.rbenv/versions/4.0.1/lib/ruby/gems/4.0.0/gems/avo-4.0.15/app/views/avo/partials/_profile_menu_extra.html.erb (Duration: 0.0ms | GC: 0.0ms)
  Rendered /home/mego/.rbenv/versions/4.0.1/lib/ruby/gems/4.0.0/gems/avo-4.0.15/app/views/avo/partials/_custom_tools_alert.html.erb (Duration: 0.0ms | GC: 0.0ms)
  Rendered /home/mego/.rbenv/versions/4.0.1/lib/ruby/gems/4.0.0/gems/avo-4.0.15/app/views/avo/partials/_footer.html.erb (Duration: 0.0ms | GC: 0.0ms)
  Rendered /home/mego/.rbenv/versions/4.0.1/lib/ruby/gems/4.0.0/gems/avo-4.0.15/app/views/avo/partials/_all_alerts.html.erb (Duration: 0.6ms | GC: 0.0ms)
  Rendered /home/mego/.rbenv/versions/4.0.1/lib/ruby/gems/4.0.0/gems/avo-4.0.15/app/views/avo/partials/_alerts.html.erb (Duration: 0.8ms | GC: 0.0ms)
  Rendered /home/mego/.rbenv/versions/4.0.1/lib/ruby/gems/4.0.0/gems/avo-4.0.15/app/views/avo/partials/_scripts.html.erb (Duration: 0.0ms | GC: 0.0ms)
  Rendered /home/mego/.rbenv/versions/4.0.1/lib/ruby/gems/4.0.0/gems/avo-4.0.15/app/views/avo/partials/_confirm_dialog.html.erb (Duration: 0.3ms | GC: 0.0ms)
  Rendered layout /home/mego/.rbenv/versions/4.0.1/lib/ruby/gems/4.0.0/gems/avo-4.0.15/app/views/layouts/avo/application.html.erb (Duration: 50.3ms | GC: 2.0ms)
Completed 200 OK in 58ms (Views: 51.4ms | ActiveRecord: 0.0ms (0 queries, 0 cached) | GC: 2.0ms)


